頭文字,品目,料金,ふりがな
あ,アイエイチ（IH）クッキングヒーター（1口）,200,あいえいち（IH）くっきんぐひーたー（1くち）
あ,アイスボックス（高さと幅の合計90cm未満）,200,あいすぼっくす（たかさとはばのごうけい90cmみまん）
あ,アイスホッケーのスティック,200,あいすほっけーのすてぃっく
あ,アイロン（収納箱含む） 30cm以上のもの,200,あいろん（しゅうのうばこふくむ） 30cmいじょうのもの
あ,アイロン台,200,あいろんだい
あ,赤ちゃん用かご　（ベビークーハン）,200,あかちゃんようかご　（べびーくーはん）
あ,足こぎ自動車（玩具）,200,あしこぎじどうしゃ（がんぐ）
あ,足ひれ（フィン）,200,あしひれ（ふぃん）
あ,足ふきマット（お風呂用）,200,あしふきまっと（おふろよう）
あ,足元ファンヒーター（最大辺40cm未満）,200,あしもとふぁんひーたー（さいだいへん40cmみまん）
あ,アタッシュケース（ビジネスバッグ）,200,あたっしゅけーす（びじねすばっぐ）
あ,圧力鍋,200,あつりょくなべ
あ,網戸 （木製・アルミ製）,200,あみど （もくせい・あるみせい）
あ,アンカ,200,あんか
あ,アンテナ（室内・卓上用）,200,あんてな（しつない・たくじょうよう）
い,イーゼル　（画材・展示用スタンド）,200,いーぜる　（がざい・てんじようすたんど）
い,衣桁（いこう）　（着物ハンガー）,200,いこう（いこう）　（きものはんがー）
い,囲碁・将棋盤（脚付き・脚無し共）※厚さ5cmまで,200,いご・しょうぎばん（あしつき・あしなしとも）※あつさ5cmまで
い,衣装ケース（プラスチック製・ブリキ製・やなぎごうり）,200,いしょうけーす（ぷらすちっくせい・ぶりきせい・やなぎごうり）
い,椅子（小）※折りたたみ式・パイプ式,200,いす（しょう）※おりたたみしき・ぱいぷしき
い,一輪車　（遊戯用）,200,いちりんしゃ　（ゆうぎよう）
い,いっと缶　（通常は燃やさないごみ）,200,いっとかん　（つうじょうはもやさないごみ）
い,鋳物類　（中空ものに限る）　最大辺 60cm未満,200,いものるい　（なかぞらものにかぎる）　さいだいへん 60cmみまん
う,ヴァニティケース（化粧箱）,200,ヴぁにてぃけーす（けしょうばこ）
う,植木鉢　3個まで (陶器製は別 ),200,うえきばち　3こまで (とうきせいはべつ )
う,植木棚・フラワースタンド　3段まで,200,うえきだな・ふらわーすたんど　3だんまで
う,植木棒　直径1.0cm未満　10本まで,200,うえきぼう　ちょっけい1.0cmみまん　10ほんまで
う,植木棒　直径1.0cm以上2.0㎝未満　5本まで,200,うえきぼう　ちょっけい1.0cmいじょう2.0㎝みまん　5ほんまで
う,ウォータージャグ,200,うぉーたーじゃぐ
う,ウッドデッキパネル　（90×90cm未満） 1枚,200,うっどでっきぱねる　（90×90cmみまん） 1まい
う,梅酒を漬けるビン（40cm以上）,200,うめしゅをつけるびん（40cmいじょう）
え,エアーポンプ（手動式）自転車の空気入れ,200,えあーぽんぷ（しゅどうしき）じてんしゃのくうきいれ
え,エキスパンダー,200,えきすぱんだー
え,枝切りハサミ（高枝切りバサミは500円）,200,えだぎりはさみ（たかえだぎりばさみは500えん）
え,園芸用支柱　直径2.0cm以上5.0㎝まで　1本,200,えんげいようしちゅう　ちょっけい2.0cmいじょう5.0㎝まで　1ほん
お,オーブントースター,200,おーぶんとーすたー
お,大型水筒　（レジャーポット・ウォータージャグ）,200,おおがたすいとう　（れじゃーぽっと・うぉーたーじゃぐ）
お,オカメジョレン,200,おかめじょれん
お,屋外コンテナ（高さと幅の合計90cm未満）,200,おくがいこんてな（たかさとはばのごうけい90cmみまん）
お,桶（おけ）,200,おけ（おけ）
お,斧　（40cm以上）,200,おの　（40cmいじょう）
お,おまる,200,おまる
お,おむつ処理器（紙おむつ処理器）,200,おむつしょりうつわ（かみおむつしょりうつわ）
お,おもちゃ（キッチンセット　等）,200,おもちゃ（きっちんせっと　とう）
お,折りたたみ椅子・パイプ椅子,200,おりたたみいす・ぱいぷいす
お,折りたたみ机　最大辺90cm未満,200,おりたたみつくえ　さいだいへん90cmみまん
か,ガーデンアーチ（簡易式）/ガーデニングアーチ（簡易式）最大辺180cm未満,200,がーでんあーち（かんいしき）/がーでにんぐあーち（かんいしき）さいだいへん180cmみまん
か,ガーデンフェンス（簡易式）　最大辺60cm未満　3枚,200,がーでんふぇんす（かんいしき）　さいだいへん60cmみまん　3まい
か,ガーデンフェンス（簡易式）　最大辺60cm以上90cm未満,200,がーでんふぇんす（かんいしき）　さいだいへん60cmいじょう90cmみまん
か,カーテンレール　（木製も含む）,200,かーてんれーる　（もくせいもふくむ）
か,ガード　ベビーガード,200,がーど　べびーがーど
か,ガード　布団ガード,200,がーど　ふとんがーど
か,ガード　ストーブガード,200,がーど　すとーぶがーど
か,カーペットローラーの柄　（80cm以上） ２本まで,200,かーぺっとろーらーのえ　（80cmいじょう） ２ほんまで
か,絵画 （最大辺40～60cm）,200,かいが （さいだいへん40～60cm）
か,介護用バスステップ　（浴槽内椅子）,200,かいごようばすすてっぷ　（よくそうないいす）
か,買い物かご,200,かいものかご
か,鏡　（最大辺60cm未満）,200,かがみ　（さいだいへん60cmみまん）
か,学生かばん（40cm以上）,200,がくせいかばん（40cmいじょう）
か,額縁　最大辺60cm未満　　画・写真含む,200,がくぶち　さいだいへん60cmみまん　　え・しゃしんふくむ
か,掛軸　最大辺60cm未満　 3本,200,かけじく　さいだいへん60cmみまん　 3ほん
か,掛軸　最大辺60cm以上　 1本,200,かけじく　さいだいへん60cmいじょう　 1ほん
か,かご（竹・木製）,200,かご（たけ・もくせい）
か,傘立て（高さ60cm未満）,200,かさたて（たかさ60cmみまん）
か,画材用スタンド　（イーゼル）,200,がざいようすたんど　（いーぜる）
か,果実酒を漬けるビン,200,かじつしゅをつけるびん
か,ガスコンロ（1口）,200,がすこんろ（1くち）
か,ガステーブル（1口）,200,がすてーぶる（1くち）
か,カセットコンロ,200,かせっとこんろ
か,ガソリン携行缶　燃料は抜く,200,がそりんけいこうかん　ねんりょうはぬく
か,カタカタ（子供用の木製手押しのおもちゃ）玩具,200,かたかた（こどもようのもくせいておしのおもちゃ）がんぐ
か,楽器（ギターケース）,200,がっき（ぎたーけーす）
か,楽器（トランペット／トロンボーン／フルート／クラリネット　三味線／バイオリン／ウクレレ／その他類似する小型楽器）,200,がっき（とらんぺっと／とろんぼーん／ふるーと／くらりねっと　さみせん／ばいおりん／うくれれ／そのたるいじするこがたがっき）
か,カットモデル（マネキン首上部分）　1体,200,かっともでる（まねきんくびかみぶぶん）　1たい
か,ガーメントケース（スーツバッグ）,200,がーめんとけーす（すーつばっぐ）
か,かばん（40cm以上）,200,かばん（40cmいじょう）
か,画板（40cm以上）,200,がばん（40cmいじょう）
か,花瓶（陶器製　最大辺90cm未満）,200,かびん（とうきせい　さいだいへん90cmみまん）
か,兜飾り（最大辺60cm未満、ケース込）,200,かぶとかざり（さいだいへん60cmみまん、けーすごめ）
か,紙おむつ処理器,200,かみおむつしょりうつわ
か,甕（かめ）…陶器製　最大辺50cm未満,200,かめ（かめ）…とうきせい　さいだいへん50cmみまん
か,カメラ三脚,200,かめらさんきゃく
か,蚊帳,200,かや
か,カラーコーン,200,からーこーん
か,玩具（小）,200,がんぐ（しょう）
か,玩具（乗り物）,200,がんぐ（のりもの）
か,観葉植物（土を除く）　高さ120ｃｍ未満,200,かんようしょくぶつ（つちをのぞく）　たかさ120ｃｍみまん
き,キーボード　（玩具）,200,きーぼーど　（がんぐ）
き,キーボード（パソコン）,200,きーぼーど（ぱそこん）
き,キーボードケース,200,きーぼーどけーす
き,義足,200,ぎそく
き,ギターのケースのみ,200,ぎたーのけーすのみ
き,ギタースタンド,200,ぎたーすたんど
き,キックボード,200,きっくぼーど
き,キッズキャリア（子供背負い・子供ショイコ）,200,きっずきゃりあ（こどもせおい・こどもしょいこ）
き,キッチンスケール（計量器）,200,きっちんすけーる（けいりょうき）
き,木箱（最大辺60cm未満）,200,きばこ（さいだいへん60cmみまん）
き,着物ハンガー　（衣桁）,200,きものはんがー　（いこう）
き,キャットタワー　（ツリー）　90cm未満,200,きゃっとたわー　（つりー）　90cmみまん
き,キャリーカー　（フレームのみのもの）,200,きゃりーかー　（ふれーむのみのもの）
き,キャンバス　最大辺60cm未満,200,きゃんばす　さいだいへん60cmみまん
き,キャンピングロールマット,200,きゃんぴんぐろーるまっと
き,キュー（ビリヤード）,200,きゅー（びりやーど）
き,桐の衣装ケース,200,きりのいしょうけーす
き,金魚鉢,200,きんぎょばち
き,金庫（手提げ）　（断熱材を使っていないもの）,200,きんこ（てさげ）　（だんねつざいをつかっていないもの）
く,空気入れ　（電動式は500円）,200,くうきいれ　（でんどうしきは500えん）
く,クーラーボックス（高さと幅の合計90cm未満）（電気式は不可）,200,くーらーぼっくす（たかさとはばのごうけい90cmみまん）（でんきしきはふか）
く,草刈レーキ,200,くさかりれーき
く,クッション　（座布団・背当てタイプ）5枚まで,200,くっしょん　（ざぶとん・せあてたいぷ）5まいまで
く,クッション　最大辺40cm以上　1個,200,くっしょん　さいだいへん40cmいじょう　1こ
く,熊手　（２本まで）,200,くまで　（２ほんまで）
く,クラリネット,200,くらりねっと
く,クリスマスツリー（高さ120cm未満）,200,くりすますつりー（たかさ120cmみまん）
く,鍬（くわ）,200,くわ（くわ）
け,計量器（キッチンスケール）,200,けいりょうき（きっちんすけーる）
け,ゲーム機（ファミコン/プレステ/Wii/Xboxなど）,200,げーむき（ふぁみこん/ぷれすて/Wii/Xboxなど）
け,化粧箱（ヴァニティケース）,200,けしょうばこ（ヴぁにてぃけーす）
け,玄関マット（40cm以上）,200,げんかんまっと（40cmいじょう）
け,健康器具（棒状のもの）　エキスパンダー,200,けんこうきぐ（ぼうじょうのもの）　えきすぱんだー
け,剣道具（面・胴・小手 各々）,200,けんどうぐ（めん・どう・こて おのおの）
け,剣道具（竹刀 ・木刀　２本まで）,200,けんどうぐ（しない ・ぼくとう　２ほんまで）
け,鍵盤ハーモニカ（ピアニカ）,200,けんばんはーもにか（ぴあにか）
け,顕微鏡,200,けんびきょう
こ,工具（ワイヤーカッターのような工具で40cm以上のもの）,200,こうぐ（わいやーかったーのようなこうぐで40cmいじょうのもの）
こ,工具箱 （最大辺60ｃｍ未満）,200,こうぐはこ （さいだいへん60ｃｍみまん）
こ,コーヒーメーカー,200,こーひーめーかー
こ,コーン　（カラーコーン）,200,こーん　（からーこーん）
こ,黒板（小）　最大辺90cm未満,200,こくばん（しょう）　さいだいへん90cmみまん
こ,こたつ板　最大辺90cm未満,200,こたついた　さいだいへん90cmみまん
こ,こたつの電熱器具,200,こたつのでんねつきぐ
こ,こたつ掛け毛布,200,こたつかけもうふ
こ,琴のケース,200,ことのけーす
こ,子ども用椅子,200,こどもよういす
こ,子ども用玩具　（手押し車　等）,200,こどもようがんぐ　（ておしぐるま　とう）
こ,子ども用ショイコ　（キッズキャリア・子ども背負い）,200,こどもようしょいこ　（きっずきゃりあ・こどもせおい）
こ,子ども用プール（ビニール製）,200,こどもようぷーる（びにーるせい）
こ,子乗せ 自転車の幼児用座席,200,ごのせ じてんしゃのようじようざせき
こ,碁盤（脚付き・脚無し共）※厚さ5cmまで,200,ごばん（あしつき・あしなしとも）※あつさ5cmまで
こ,ごみ箱・コンテナ（高さと幅の合計90cm未満）,200,ごみばこ・こんてな（たかさとはばのごうけい90cmみまん）
こ,ゴムマット（麻雀用）,200,ごむまっと（まーじゃんよう）
こ,米びつ（小）  ・　ライサー ,200,こめびつ（しょう） ・　らいさー
こ,コルクボード（小）　最大辺90cm未満,200,こるくぼーど（しょう）　さいだいへん90cmみまん
こ,ゴルフクラブ（1本）,200,ごるふくらぶ（1ほん）
こ,ゴルフバッグ（小）　3～4本用,200,ごるふばっぐ（しょう）　3～4ほんよう
こ,ゴルフマット,200,ごるふまっと
さ,ザイル　（40m一巻　登山用具）,200,ざいる　（40mいっかん　とざんようぐ）
さ,座椅子（小）※背もたれの高さが70㎝未満,200,ざいす（しょう）※せもたれのたかさが70㎝みまん
さ,魚とり網・虫捕り網,200,ざかなとりあみ・むしとりあみ
さ,魚とり網　投網,200,ざかなとりあみ　とあみ
さ,柵　最大辺120cm未満,200,さく　さいだいへん120cmみまん
さ,柵/ストーブガード　ベビー・ペット・布団ガード,200,さく/すとーぶがーど　べびー・ぺっと・ふとんがーど
さ,座布団（5枚まで）、長座布団３枚まで,200,ざぶとん（5まいまで）、ながざぶとん３まいまで
さ,三脚　（カメラ・ビデオ用）,200,さんきゃく　（かめら・びでおよう）
さ,サンスクリーン/日よけ　シートのみフレームは除く,200,さんすくりーん/ひよけ　しーとのみふれーむはのぞく
さ,三輪車（幼児用）,200,さんりんしゃ（ようじよう）
し,シート（ビニールシート・ブルーシートなど）,200,しーと（びにーるしーと・ぶるーしーとなど）
し,ＣＤ・ＤＶＤラック　（高さと幅の合計90cm未満）,200,ＣＤ・ＤＶＤらっく　（たかさとはばのごうけい90cmみまん）
し,ジェルシート/ジェルマット　3畳未満,200,じぇるしーと/じぇるまっと　3じょうみまん
し,敷物　3畳未満,200,しきもの　3じょうみまん
し,システム畳　半畳タイプ　 (１畳タイプ　500円）　　（ウレタン・発砲スチロール・ウッドチップ製）,200,しすてむだたみ　はんじょうたいぷ　 (１じょうたいぷ　500えん）　　（うれたん・はっぽうすちろーる・うっどちっぷせい）
し,自転車スタンド,200,じてんしゃすたんど
し,しちりん,200,しちりん
し,自転車空気入れ,200,じてんしゃくうきいれ
し,自転車の車輪のみ　,200,じてんしゃのしゃりんのみ　
し,自転車の幼児用座席（子乗せ）,200,じてんしゃのようじようざせき（このせ）
し,自動車用カバー（オートバイ用カバーは燃やさないごみ）,200,じどうしゃようかばー（おーとばいようかばーはもやさないごみ）
し,竹刀　２本まで,200,しない　２ほんまで
し,三味線,200,さみせん
し,シャワーチェアー,200,しゃわーちぇあー
し,ジューサー,200,じゅーさー
し,シューズケース,200,しゅーずけーす
し,ジュニアシート,200,じゅにあしーと
し,シュラフ（寝袋）,200,しゅらふ（ねぶくろ）
し,シュレッダー　最大辺30cm～50cm未満,200,しゅれっだー　さいだいへん30cm～50cmみまん
し,ショートスキー/幼児用スキー板,200,しょーとすきー/ようじようすきーばん
し,将棋盤（脚付き・脚無し共）※厚さ5cmまで,200,しょうぎばん（あしつき・あしなしとも）※あつさ5cmまで
し,障子・ふすま,200,しょうじ・ふすま
し,浄水器カートリッジ,200,じょうすいきかーとりっじ
し,照明（水槽用）,200,しょうめい（すいそうよう）
し,照明機器（照明スタンド）　卓上タイプ,200,しょうめいきき（しょうめいすたんど）　たくじょうたいぷ
し,じょうろ,200,じょうろ
し,食卓付幼児椅子,200,しょくたくつきようじいす
し,食品密閉容器　（40cm以上）,200,しょくひんみっぺいようき　（40cmいじょう）
し,ショベル,200,しょべる
す,炊飯器（4合炊き未満） ※内釜込み,200,すいはんき（4ごうたきみまん） ※うちがまこみ
す,炊飯器の内釜,200,すいはんきのうちがま
す,スーツバッグ（ガーメントケース）,200,すーつばっぐ（がーめんとけーす）
す,姿見　最大辺160cm未満,200,すがたみ　さいだいへん160cmみまん
す,スキー靴（最大辺40cm以上）,200,すきーぐつ（さいだいへん40cmいじょう）
す,スキーケース,200,すきーけーす
す,スキーストック（2本まで）,200,すきーすとっく（2ほんまで）
す,スクリーン（日よけ）　シートのみフレームは除く,200,すくりーん（ひよけ）　しーとのみふれーむはのぞく
す,スケート靴 (最大辺40cm以上）,200,すけーとぐつ (さいだいへん40cmいじょう）
す,スケートボード,200,すけーとぼーど
す,スコップ,200,すこっぷ
す,すし桶,200,すしおけ
す,スタイロ畳　半畳タイプ　　（ウレタン・発砲スチロール・ウッドチップ製）,200,すたいろだたみ　はんじょうたいぷ　　（うれたん・はっぽうすちろーる・うっどちっぷせい）
す,簾（すだれ）　3本まで,200,すだれ（すだれ）　3ほんまで
す,スチール本立て（ブックエンド）　,200,すちーるほんたて（ぶっくえんど）　
す,ストーブ　（足元用ストーブ ）最大辺40cm以下,200,すとーぶ　（あしもとようすとーぶ ）さいだいへん40cmいか
す,ストーブガード,200,すとーぶがーど
す,ストーブの柵,200,すとーぶのさく
す,ストック（スキー用・2本まで）,200,すとっく（すきーよう・2ほんまで）
す,スノーボードブーツ,200,すのーぼーどぶーつ
す,スノーボード板,200,すのーぼーどばん
す,スノーボードケース,200,すのーぼーどけーす
す,すのこ （小） 80cm×40cm　2枚まで,200,すのこ （しょう） 80cm×40cm　2まいまで
す,すのこ （押入れ用),200,すのこ （おしいれよう)
す,スポーツバッグ,200,すぽーつばっぐ
す,スリッパ立て（高さ60cm未満）,200,すりっぱたて（たかさ60cmみまん）
せ,洗濯かご,200,せんたくかご
せ,洗濯ハンガー,200,せんたくはんがー
そ,ソーラーライト（ガーデンライト高さ60ｃｍ未満）,200,そーらーらいと（がーでんらいとたかさ60ｃｍみまん）
そ,造花　120cm未満,200,ぞうか　120cmみまん
そ,そり,200,そり
た,ターンテーブル（ＴＶ回転板）,200,たーんてーぶる（ＴＶかいてんばん）
た,体重計（ヘルスメーター）,200,たいじゅうけい（へるすめーたー）
た,タイヤチェーン（ケース込み）２本まで,200,たいやちぇーん（けーすこみ）２ほんまで
た,卓上コンロ,200,たくじょうこんろ
た,卓上スタンド,200,たくじょうすたんど
た,卓上扇風機,200,たくじょうせんぷうき
た,卓上ポット,200,たくじょうぽっと
た,竹馬,200,たけうま
た,竹カーテン,200,たけかーてん
た,竹ぼうき (２本まで）,200,たけぼうき (２ほんまで）
た,たこ焼き器,200,たこやきき
た,脱衣かご,200,だついかご
た,たらい,200,たらい
た,樽・漬物樽　（プラスチック製・木製）,200,たる・つけものだる　（ぷらすちっくせい・もくせい）
た,樽型プランター　　1個,200,たるがたぷらんたー　　1こ
た,段差解消スロープ（プレート）　90cm×40cm×10cm,200,だんさかいしょうすろーぷ（ぷれーと）　90cm×40cm×10cm
た,たんすの敷板・上板,200,たんすのしきいた・あげいた
ち,地球儀,200,ちきゅうぎ
ち,チャイルドシート（背もたれ部分のみ）,200,ちゃいるどしーと（せもたれぶぶんのみ）
ち,茶箱,200,ちゃばこ
つ,ツアースティック　（２本まで）,200,つあーすてぃっく　（２ほんまで）
つ,ついたて/パーテーション　高さ90cm未満,200,ついたて/ぱーてーしょん　たかさ90cmみまん
つ,机　（折りたたみ式）　最大辺90cm未満,200,つくえ　（おりたたみしき）　さいだいへん90cmみまん
つ,漬物樽・樽 (プラスチック・木製）,200,つけものだる・たる (ぷらすちっく・もくせい）
つ,つっぱり棒　（80cm以上）　２本まで,200,つっぱりぼう　（80cmいじょう）　２ほんまで
つ,つっぱり棚,200,つっぱりだな
つ,壺　 最大辺50cm未満,200,つぼ　 さいだいへん50cmみまん
つ,釣り竿（10本まで）,200,つりざお（10ほんまで）
つ,釣り用品　（網・投網）,200,つりようひん　（あみ・とあみ）
つ,釣り用品　（フィン）足ひれ,200,つりようひん　（ふぃん）あしひれ
つ,つるはし　（工具）,200,つるはし　（こうぐ）
て,DVD・CDラック,200,DVD・CDらっく
て,テーブル（子供用お絵かきテーブル）,200,てーぶる（こどもようおえかきてーぶる）
て,テーブルの脚（4本）,200,てーぶるのあし（4ほん）
て,手桶,200,ておけ
て,手押し車（玩具）,200,ておしぐるま（がんぐ）
て,デッキブラシ （２本まで）,200,でっきぶらし （２ほんまで）
て,鉄板　（最大辺90cm未満）　バーベキュー用,200,てっぱん　（さいだいへん90cmみまん）　ばーべきゅーよう
て,テニスラケット （1本・カバー含む）,200,てにすらけっと （1ほん・かばーふくむ）
て,転落防止柵,200,てんらくぼうしさく
て,電気座布団,200,でんきざぶとん
て,電気スタンド（卓上タイプ）,200,でんきすたんど（たくじょうたいぷ）
て,電気のかさ　（蛍光灯は外す）,200,でんきのかさ　（けいこうとうははずす）
て,電気ほうき　 (持ち手がスティックタイプ）,200,でんきほうき　 (もちてがすてぃっくたいぷ）
て,電気ポット,200,でんきぽっと
て,電気毛布,200,でんきもうふ
て,展示用スタンド（イーゼル、画材用スタンド）,200,てんじようすたんど（いーぜる、がざいようすたんど）
て,電磁調理器（IHクッキングヒータ　1口）,200,でんじちょうりき（IHくっきんぐひーた　1くち）
て,電動マッサージ器　手持ち型,200,でんどうまっさーじうつわ　てもちがた
て,電熱器,200,でんねつき
て,電話機　（Fax付電話は500円）,200,でんわき　（Faxつきでんわは500えん）
と,トイレの便座（温水洗浄便座は500円）,200,といれのべんざ（おんすいせんじょうべんざは500えん）
と,トイレマット,200,といれまっと
と,陶器の入れ物　50cm未満,200,とうきのいれもの　50cmみまん
と,陶器の置物（高さ50cm未満）,200,とうきのおきもの（たかさ50cmみまん）
と,灯油ポリタンク,200,とうゆぽりたんく
と,トースター,200,とーすたー
と,時計　（最大辺100cm未満）,200,とけい　（さいだいへん100cmみまん）
と,トタン板,200,とたんばん
と,土鍋（40cm以上）　陶器製,200,どなべ（40cmいじょう）　とうきせい
と,鳥かご,200,とりかご
と,トレーニング機器（棒状のもの）　エキスパンダー,200,とれーにんぐきき（ぼうじょうのもの）　えきすぱんだー
と,トレスコープ,200,とれすこーぷ
と,トロフィー,200,とろふぃー
な,苗ケース（60cm×40cm）　　　　5枚まで,200,なえけーす（60cm×40cm）　　　　5まいまで
な,長座布団/ロング座布団　　3枚まで,200,ながざぶとん/ろんぐざぶとん　　3まいまで
な,夏掛けふとん,200,なつがけふとん
な,波板 （トタン板）　スレートは除く,200,なみいた （とたんばん）　すれーとはのぞく
に,二段ベッドのハシゴのみ,200,二だんべっどのはしごのみ
に,日本酒のケース（一升瓶が6本入るプラスチックケース）,200,にほんしゅのけーす（いっしょうびんが6ほんはいるぷらすちっくけーす）
に,人形　高さ60cm未満、ケース込,200,にんぎょう　たかさ60cmみまん、けーすごめ
に,人形ケース　最大辺60cm未満,200,にんぎょうけーす　さいだいへん60cmみまん
ぬ,ぬいぐるみ,200,ぬいぐるみ
ね,寝袋（シュラフ）,200,ねぶくろ（しゅらふ）
は,パーテーション/ついたて　最大辺90cm未満,200,ぱーてーしょん/ついたて　さいだいへん90cmみまん
は,バーベキュー用鉄板（最大辺90㎝未満）,200,ばーべきゅーようてっぱん（さいだいへん90㎝みまん）
は,灰皿（スタンド型　　90cm以内）箱型,200,はいざら（すたんどがた　　90cmいない）はこがた
は,灰皿（スタンド型　　90cm以内）ポール型,200,はいざら（すたんどがた　　90cmいない）ぽーるがた
は,パイプ椅子・折りたたみ椅子,200,ぱいぷいす・おりたたみいす
は,はかり,200,はかり
は,バケツ,200,ばけつ
は,羽子板,200,はごいた
は,柱時計　最大辺100cm未満,200,はしらどけい　さいだいへん100cmみまん
は,バスケットゴールのみ,200,ばすけっとごーるのみ
は,バスポリッシャー（コードレスタイプ）,200,ばすぽりっしゃー（こーどれすたいぷ）
は,バスマット,200,ばすまっと
は,パソコン外枠,200,ぱそこんそとわく
は,パソコンキーボード,200,ぱそこんきーぼーど
は,肌掛け,200,はだかけ
は,バッグ（40cm以上）,200,ばっぐ（40cmいじょう）
は,バット（80cm以上）,200,ばっと（80cmいじょう）
は,バトミントンラケット（2本まで・カバー含む）,200,ばとみんとんらけっと（2ほんまで・かばーふくむ）
は,破魔矢（ケース込） 最大辺60cm未満,200,はまや（けーすごめ） さいだいへん60cmみまん
は,破魔矢（ケース込） 最大辺60cm以上,200,はまや（けーすごめ） さいだいへん60cmいじょう
は,パラソル（ゴルフ用）,200,ぱらそる（ごるふよう）
は,パラソル（ビーチ用・台込み・コンクリート部分を除く）,200,ぱらそる（びーちよう・だいこみ・こんくりーとぶぶんをのぞく）
は,ハンガーピンチ　（物干しハンガー）,200,はんがーぴんち　（ものほしはんがー）
は,ハンドクリーナー,200,はんどくりーなー
は,ハンモック,200,はんもっく
ひ,ピアニカ,200,ぴあにか
ひ,ピアノの足　（3本まで）,200,ぴあののあし　（3ほんまで）
ひ,ビーズクッション　最大辺40cm以上　1個,200,びーずくっしょん　さいだいへん40cmいじょう　1こ
ひ,ビーチパラソル（台込み・コンクリート部分を除く）,200,びーちぱらそる（だいこみ・こんくりーとぶぶんをのぞく）
ひ,ビーチマット（浮き具）,200,びーちまっと（うきぐ）
ひ,ビート板／ボディボード,200,びーとばん／ぼでぃぼーど
ひ,ビールケース,200,びーるけーす
ひ,ビールサーバー（高さ40cm、重さ1kg程度のもの）　ガスボンベは除く,200,びーるさーばー（たかさ40cm、おもさ1kgていどのもの）　がすぼんべはのぞく
ひ,ひざ掛け（ブランケット）,200,ひざかけ（ぶらんけっと）
ひ,ビジネスバッグ（アタッシュケース）,200,びじねすばっぐ（あたっしゅけーす）
ひ,ピッケル（登山用具）,200,ぴっける（とざんようぐ）
ひ,ビデオカメラ,200,びでおかめら
ひ,ビデオ用三脚,200,びでおようさんきゃく
ひ,1口コンロ,200,1くちこんろ
ひ,ビニール温室　最大辺100cm未満,200,びにーるおんしつ　さいだいへん100cmみまん
ひ,ビニールシート（ブルーシート）200cm×200cm以上,200,びにーるしーと（ぶるーしーと）200cm×200cmいじょう
ひ,ビニールプール（幼児用プール）,200,びにーるぷーる（ようじようぷーる）
ひ,日よけ/サンスクリーン　シートのみフレームは除く,200,ひよけ/さんすくりーん　しーとのみふれーむはのぞく
ひ,日よけ/ロールスクリーン　最大辺120cm未満,200,ひよけ/ろーるすくりーん　さいだいへん120cmみまん
ひ,ビリヤードのキュー(２本まで）　（ケース込みは500円）,200,びりやーどのきゅー(２ほんまで）　（けーすこみは500えん）
ふ,ファンヒーター　足元用(最大辺40cm未満）,200,ふぁんひーたー　あしもとよう(さいだいへん40cmみまん）
ふ,フィルター　（空気清浄機などの付属品）,200,ふぃるたー　（くうきせいじょうきなどのふぞくひん）
ふ,フィン/足ひれ,200,ふぃん/あしひれ
ふ,フードストッカー,200,ふーどすとっかー
ふ,フードプロセッサー,200,ふーどぷろせっさー
ふ,プール（幼児用）,200,ぷーる（ようじよう）
ふ,ふすま・障子,200,ふすま・しょうじ
ふ,フットヒーター　最大辺40cm未満,200,ふっとひーたー　さいだいへん40cmみまん
ふ,布団ガード（2個1セット）,200,ぶとんがーど（2こ1せっと）
ふ,ふとんパッド,200,ふとんぱっど
ふ,踏み台　(最大辺６０㎝未満）,200,ふみだい　(さいだいへん６０㎝みまん）
ふ,フライパン　（パンの部分40㎝以上）,200,ふらいぱん　（ぱんのぶぶん40㎝いじょう）
ふ,フラフープ,200,ふらふーぷ
ふ,フラワーケース　直径60cmまで　5枚まで,200,ふらわーけーす　ちょっけい60cmまで　5まいまで
ふ,フラワースタンド（３段まで）,200,ふらわーすたんど（３だんまで）
ふ,フラワーアーケード（簡易式）　最大辺180cm未満,200,ふらわーあーけーど（かんいしき）　さいだいへん180cmみまん
ふ,ブラインド（最大辺120cm未満）,200,ぶらいんど（さいだいへん120cmみまん）
ふ,ブランケット（ひざ掛け）,200,ぶらんけっと（ひざかけ）
ふ,プラスチックケース,200,ぷらすちっくけーす
ふ,プラスチックケース（一升瓶が6本入る物）,200,ぷらすちっくけーす（いっしょうびんが6ほんはいるもの）
ふ,プラスチック一体型椅子　,200,ぷらすちっくいったいがたいす　
ふ,プラスチック一体型椅子（幼児用２個まで）,200,ぷらすちっくいったいがたいす（ようじよう２こまで）
ふ,プランター　(プラスチック製）最大辺60cm未満　3個まで,200,ぷらんたー　(ぷらすちっくせい）さいだいへん60cmみまん　3こまで
ふ,プランター　最大辺60cm以上　1個,200,ぷらんたー　さいだいへん60cmいじょう　1こ
ふ,プランター　樽型　1個,200,ぷらんたー　たるがた　1こ
ふ,ブリキのケース（衣装ケース）,200,ぶりきのけーす（いしょうけーす）
ふ,ブルーシート/ビニールシート(200cm×200cm以上）,200,ぶるーしーと/びにーるしーと(200cm×200cmいじょう）
ふ,風呂桶（手桶）,200,ふろおけ（ておけ）
ふ,ブロック一式（おもちゃ）,200,ぶろっくいしき（おもちゃ）
ふ,風呂のふた,200,ふろのふた
ふ,風呂マット/バスマット,200,ふろまっと/ばすまっと
ふ,風呂用椅子,200,ふろよういす
へ,ペダルなし自転車（幼児用）,200,ぺだるなしじてんしゃ（ようじよう）
へ,ペット運搬ケース,200,ぺっとうんぱんけーす
へ,ペット運搬バッグ,200,ぺっとうんぱんばっぐ
へ,ペットのかご,200,ぺっとのかご
へ,ペットサークル　（ケージ）,200,ぺっとさーくる　（けーじ）
へ,ペットタワー（ツリー）　90cm未満,200,ぺっとたわー（つりー）　90cmみまん
へ,ペットトイレ,200,ぺっとといれ
へ,ベッドのハシゴのみ,200,べっどのはしごのみ
へ,ベッドパッド,200,べっどぱっど
へ,ベビーカーに取付けるステップボード,200,べびーかーにとりつけるすてっぷぼーど
へ,ベビーガード,200,べびーがーど
へ,ベビークーハン　（赤ちゃん用かご）,200,べびーくーはん　（あかちゃんようかご）
へ,ベビーサークル,200,べびーさーくる
へ,ベビーチェア,200,べびーちぇあ
へ,ベビーバウンサー,200,べびーばうんさー
へ,ベビーバス,200,べびーばす
へ,ベビー布団一式,200,べびーぶとんいしき
へ,ベビーマットレス　　 (スプリング入り 500円）,200,べびーまっとれす　　 (すぷりんぐはいり 500えん）
へ,ヘルスメーター（体重計）,200,へるすめーたー（たいじゅうけい）
へ,ヘルメット,200,へるめっと
へ,便座（温水洗浄便座は500円）,200,べんざ（おんすいせんじょうべんざは500えん）
ほ,ボアシーツ,200,ぼあしーつ
ほ,ホースリール（ホース無）,200,ほーすりーる（ほーすむ）
ほ,ほうき（40cm以上のもの）２本まで,200,ほうき（40cmいじょうのもの）２ほんまで
ほ,保温器（ミルク用）,200,ほおんうつわ（みるくよう）
ほ,歩行器（乳幼児用）,200,ほこうき（にゅうようじよう）
ほ,ポスト,200,ぽすと
ほ,ボストンバッグ,200,ぼすとんばっぐ
ほ,ポット,200,ぽっと
ほ,ホッピング（子供遊具）,200,ほっぴんぐ（こどもゆうぐ）
ほ,ボディボード,200,ぼでぃぼーど
ほ,ポリタンク（40cm以上）,200,ぽりたんく（40cmいじょう）
ほ,ポリバケツ　高さ50cm未満,200,ぽりばけつ　たかさ50cmみまん
ほ,ホワイトボード（小）　最大辺90cm未満,200,ほわいとぼーど（しょう）　さいだいへん90cmみまん
ほ,盆提灯,200,ぼんぢょうちん
ま,麻雀用マット,200,まーじゃんようまっと
ま,マガジンラック,200,まがじんらっく
ま,枕　5個まで,200,まくら　5こまで
ま,マッサージ器（手持ち型）,200,まっさーじうつわ（てもちがた）
ま,松葉杖（2本まで）,200,まつばづえ（2ほんまで）
ま,窓用クーラーの枠,200,まどようくーらーのわく
ま,マネキン頭部（カットモデル）,200,まねきんとうぶ（かっともでる）
ま,丸太（直径5cmまで） 長さ180cm以内,200,まるた（ちょっけい5cmまで） ながさ180cmいない
み,ミキサー,200,みきさー
み,ミシン収納箱のみ,200,みしんしゅうのうばこのみ
む,蒸し器,200,むしき
む,虫捕り網,200,むしとりあみ
め,メガホン,200,めがほん
も,毛布　※電気毛布含む,200,もうふ　※でんきもうふふくむ
も,モップ (２本まで）,200,もっぷ (２ほんまで）
も,物干し竿,200,ものほしざお
も,物干しハンガー（ハンガーピンチ）,200,ものほしはんがー（はんがーぴんち）
や,やなぎごうり,200,やなぎごうり
ゆ,郵便受け,200,ゆうびんうけ
ゆ,湯かき棒　（80cm以上）,200,ゆかきぼう　（80cmいじょう）
ゆ,雪下ろし用スコップ,200,ゆきおろしようすこっぷ
ゆ,湯たんぽ,200,ゆたんぽ
ゆ,ゆりかご（ベビーバウンサー）,200,ゆりかご（べびーばうんさー）
よ,幼児用椅子,200,ようじよういす
よ,幼児用スキー板/ショートスキー,200,ようじようすきーばん/しょーとすきー
よ,幼児用ペダルなし自転車,200,ようじようぺだるなしじてんしゃ
よ,浴槽のふた,200,よくそうのふた
よ,よしず　（高さ300cmまで、幅240cmまで）,200,よしず　（たかさ300cmまで、はば240cmまで）
ら,ライサー　 （米びつ）,200,らいさー　 （こめびつ）
ら,ラケット（カバーを含む・バトミントン用は2本まで）,200,らけっと（かばーをふくむ・ばとみんとんようは2ほんまで）
ら,ラジコン,200,らじこん
ら,ラティスフェンス　最大辺90cm未満,200,らてぃすふぇんす　さいだいへん90cmみまん
ら,ランドセル（40cm以上）,200,らんどせる（40cmいじょう）
り,リム（自転車用）車輪のみ（タイヤ無し）,200,りむ（じてんしゃよう）しゃりんのみ（たいやなし）
り,リュックサック,200,りゅっくさっく
れ,レーキ（草刈り）,200,れーき（くさかり）
れ,レガース（野球用防護具）１対,200,れがーす（やきゅうようぼうごぐ）１たい
れ,レジャーシート（200cm×200cm以上の物）,200,れじゃーしーと（200cm×200cmいじょうのもの）
れ,レジャーポット（大型水筒　ウォータージャグ）,200,れじゃーぽっと（おおがたすいとう　うぉーたーじゃぐ）
れ,レターケース,200,れたーけーす
ろ,ローラースケート,200,ろーらーすけーと
ろ,ローラーボード,200,ろーらーぼーど
ろ,ロールスクリーン/日よけ　最大辺120cm未満,200,ろーるすくりーん/ひよけ　さいだいへん120cmみまん
ろ,ロング座布団/長座布団　3枚まで,200,ろんぐざぶとん/ながざぶとん　3まいまで
あ,アイエイチ（IH）クッキングヒーター（2口以上）　 ※ビルトインタイプ不可,500,あいえいち（IH）くっきんぐひーたー（2くちいじょう）　 ※びるといんたいぷふか
あ,アイスボックス（高さと幅の合計180cm未満）,500,あいすぼっくす（たかさとはばのごうけい180cmみまん）
あ,アウトドア用二人掛けパイプ椅子,500,あうとどあようふたりがけぱいぷいす
あ,アコーディオン（楽器）,500,あこーでぃおん（がっき）
あ,アコーディオンカーテン（高さ180cm未満）,500,あこーでぃおんかーてん（たかさ180cmみまん）
あ,足ふみステップ（健康器具）,500,あしふみすてっぷ（けんこうきぐ）
あ,足マッサージ機（健康器具）,500,あしまっさーじき（けんこうきぐ）
あ,足湯 （フットバス）,500,あしゆ （ふっとばす）
あ,雨戸,500,あまど
あ,編み機,500,あみき
あ,アルミサッシ戸　（窓用　高さ90cm未満）,500,あるみさっしと　（まどよう　たかさ90cmみまん）
あ,アンテナ（屋外設置）? BSアンテナ,500,あんてな（おくがいせっち）? BSあんてな
あ,アンプ（ギター用）,500,あんぷ（ぎたーよう）
あ,アンプ（ステレオ用30cm以上）,500,あんぷ（すてれおよう30cmいじょう）
い,池用　灯篭型ろ過装置,500,いけよう　とうろうがたろかそうち
い,イコライザー,500,いこらいざー
い,椅子（大）,500,いす（だい）
い,椅子（キャンプ用折りたたみ式2人掛け）,500,いす（きゃんぷようおりたたみしき2にんがけ）
い,椅子（ダイニング用2人掛け・背もたれなし）,500,いす（だいにんぐよう2にんがけ・せもたれなし）
い,一輪車　（作業用）,500,いちりんしゃ　（さぎょうよう）
い,犬小屋　鉄部分太さ3㎜超、1.0㎡超の鉄製檻は不可,500,いぬごや　てつぶぶんふとさ3㎜ちょう、1.0㎡ちょうのてっせいおりはふか
い,インテリア照明スタンド（高さ180cm以内）,500,いんてりあしょうめいすたんど（たかさ180cmいない）
う,植木棚・フラワースタンド　4段以上,500,うえきだな・ふらわーすたんど　4だんいじょう
う,ウェットスーツ（ボンベ無し）,500,うぇっとすーつ（ぼんべなし）
う,ウッドカーペット（3畳未満）,500,うっどかーぺっと（3じょうみまん）
う,乳母車（ベビーカー）,500,うばぐるま（べびーかー）
う,羽毛布団,500,うもうぶとん
え,エアーベッド（エアーマット）,500,えあーべっど（えあーまっと）
え,エアーコンプレッサー　（家庭用　重量5㎏まで100V）,500,えあーこんぷれっさー　（かていよう　じゅうりょう5㎏まで100V）
え,エアーポンプ（電動式）自転車の空気入れ,500,えあーぽんぷ（でんどうしき）じてんしゃのくうきいれ
え,映写機,500,えいしゃき
え,MDラジカセ,500,MDらじかせ
え,LDプレイヤー（レーザーディスク）,500,LDぷれいやー（れーざーでぃすく）
え,エレキギター　（ケース含む）,500,えれきぎたー　（けーすふくむ）
え,園芸用支柱　直径2.0cm以上5.0㎝まで　5本まで,500,えんげいようしちゅう　ちょっけい2.0cmいじょう5.0㎝まで　5ほんまで
え,縁台　　 120cm未満　（コンクリート製不可）,500,えんだい　　 120cmみまん　（こんくりーとせいふか）
お,オール（ボート用）,500,おーる（ぼーとよう）
お,屋外コンテナ（高さと幅の合計180cm未満）,500,おくがいこんてな（たかさとはばのごうけい180cmみまん）
お,オシロスコープ（家庭使用のみ）,500,おしろすこーぷ（かていしようのみ）
お,オットマン,500,おっとまん
お,折りたたみ自転車　19インチ以下,500,おりたたみじてんしゃ　19いんちいか
お,折りたたみ机　最大辺90cm以上,500,おりたたみつくえ　さいだいへん90cmいじょう
お,温水器　室内用　最大辺50cm以下,500,おんすいき　しつないよう　さいだいへん50cmいか
お,温水洗浄便座,500,おんすいせんじょうべんざ
お,温風器　最大辺60cm未満,500,おんぷうき　さいだいへん60cmみまん
お,温浴器(足湯）,500,おんよくうつわ(あしゆ）
か,ガーデンアーチ（簡易式）/ガーデニングアーチ（簡易式）最大辺300cm未満,500,がーでんあーち（かんいしき）/がーでにんぐあーち（かんいしき）さいだいへん300cmみまん
か,ガーデンフェンス（簡易式）　最大辺90cm以上,500,がーでんふぇんす（かんいしき）　さいだいへん90cmいじょう
か,絵画 （最大辺60cm以上）,500,かいが （さいだいへん60cmいじょう）
か,介護用テーブル・椅子,500,かいごようてーぶる・いす
か,介護用トイレ（椅子型）,500,かいごようといれ（いすがた）
か,掻い巻き,500,かいまき
か,カウンターワゴン,500,かうんたーわごん
か,鏡　（最大辺90cm未満）,500,かがみ　（さいだいへん90cmみまん）
か,学習机の本棚部分,500,がくしゅうづくえのほんだなぶぶん
か,額縁　最大辺60cm以上　　画・写真含む,500,がくぶち　さいだいへん60cmいじょう　　え・しゃしんふくむ
か,傘立て（高さ60cm以上）,500,かさたて（たかさ60cmいじょう）
か,加湿機　,500,かしつき　
か,ガスコンロ（2口以上）  ※ビルトインタイプ不可,500,がすこんろ（2くちいじょう） ※びるといんたいぷふか
か,ガスストーブ,500,がすすとーぶ
か,ガスファンヒーター　最大辺60cm未満,500,がすふぁんひーたー　さいだいへん60cmみまん
か,ガステーブル（2口以上）　※ビルトインタイプ不可,500,がすてーぶる（2くちいじょう）　※びるといんたいぷふか
か,カセットデッキ,500,かせっとでっき
か,楽器（ギター／アコーデォンその他類似する中型楽器）,500,がっき（ぎたー／あこーでぉんそのたるいじするちゅうがたがっき）
か,花瓶（陶器製　最大辺90cm以上150cmまで）,500,かびん（とうきせい　さいだいへん90cmいじょう150cmまで）
か,兜飾り（最大辺60cm以上、ケース込）,500,かぶとかざり（さいだいへん60cmいじょう、けーすごめ）
か,甕（かめ）…陶器製　最大辺50cm以上90ｃｍまで,500,かめ（かめ）…とうきせい　さいだいへん50cmいじょう90ｃｍまで
か,ガラステーブル　最大辺90cm未満,500,がらすてーぶる　さいだいへん90cmみまん
か,ガラス戸 (90cm×90cm),500,がらすど (90cm×90cm)
か,ガリ版（一式）,500,がりばん（いしき）
か,枯葉用ブロアー　電気式100Ｖ　充電　コンセント,500,かれはようぶろあー　でんきしき100Ｖ　じゅうでん　こんせんと
か,枯葉用バキューム　電気式100Ｖ　充電　コンセント,500,かれはようばきゅーむ　でんきしき100Ｖ　じゅうでん　こんせんと
か,換気扇,500,かんきせん
か,乾燥機（食器用）,500,かんそうき（しょっきよう）
か,乾燥機ラック・洗濯機ラック,500,かんそうきらっく・せんたくきらっく
か,観葉植物（土を除く）　高さ120ｃｍ以上,500,かんようしょくぶつ（つちをのぞく）　たかさ120ｃｍいじょう
き,キーボードスタンド　パイプ製・木製,500,きーぼーどすたんど　ぱいぷせい・もくせい
き,ギター・エレキギター（ケース含む）,500,ぎたー・えれきぎたー（けーすふくむ）
き,ギターアンプ,500,ぎたーあんぷ
き,キックボード　（エンジン・モータ付）バッテリー・燃料は抜く,500,きっくぼーど　（えんじん・もーたつき）ばってりー・ねんりょうはぬく
き,キッチンワゴン,500,きっちんわごん
き,木箱（最大辺60cm以上）,500,きばこ（さいだいへん60cmいじょう）
き,脚立（二折り時90cm未満）,500,きゃたつ（ふたつおりじ90cmみまん）
き,キャットタワー　（ツリー）　90cm以上,500,きゃっとたわー　（つりー）　90cmいじょう
き,キャリーバッグ（スーツケース）,500,きゃりーばっぐ（すーつけーす）
き,キャリア（棒状のもの）,500,きゃりあ（ぼうじょうのもの）
き,キャリアボックス（180cm未満） ※ベースキャリアを除く。,500,きゃりあぼっくす（180cmみまん） ※べーすきゃりあをのぞく。
き,キャリアカート　（フレームのみの物は200円）,500,きゃりあかーと　（ふれーむのみのものは200えん）
き,キャンバス　最大辺60cm以上,500,きゃんばす　さいだいへん60cmいじょう
き,キャンピングテーブル（オールインワンタイプ）,500,きゃんぴんぐてーぶる（おーるいんわんたいぷ）
き,給湯器（湯沸器）,500,きゅうとうき（ゆわかしき）
き,弓道具一式（弓・小手・矢筒・矢）,500,きゅうどうぐいしき（ゆみ・こて・やづつ・や）
き,鏡台（卓上用）,500,きょうだい（たくじょうよう）
く,空気清浄機,500,くうきせいじょうき
く,クーラーボックス（高さと幅の合計180cm未満）（電気式は不可）,500,くーらーぼっくす（たかさとはばのごうけい180cmみまん）（でんきしきはふか）
く,草刈り機（エンジンなし）,500,くさかりき（えんじんなし）
く,クリスマスツリー（高さ120cm以上）,500,くりすますつりー（たかさ120cmいじょう）
く,車椅子,500,くるまいす
け,化粧台（壁掛け用）,500,けしょうだい（かべかけよう）
け,健康器具（小）足湯、足踏みステップ、美顔器等,500,けんこうきぐ（しょう）あしゆ、あしぶみすてっぷ、びがんきなど
け,剣道具一式,500,けんどうぐいしき
こ,高圧洗浄機（家庭用　100V）,500,こうあつせんじょうき（かていよう　100V）
こ,コート掛け　（80cm以上）,500,こーとがけ　（80cmいじょう）
こ,コードリール,500,こーどりーる
こ,黒板（中）　90×180未満,500,こくばん（なか）　90×180みまん
こ,こたつ板　最大辺90cm以上,500,こたついた　さいだいへん90cmいじょう
こ,こたつ・家具調こたつ　最大辺90cm未満　こたつ板含む,500,こたつ・かぐちょうこたつ　さいだいへん90cmみまん　こたついたふくむ
こ,こたつ布団,500,こたつぶとん
こ,琴　3尺（長さ 約  90cm）,500,こと　3しゃく（ながさ やく 90cm）
こ,子ども用電動自動車（全長1ｍ以内・バッテリーは除く）,500,こどもようでんどうじどうしゃ（ぜんちょう1ｍいない・ばってりーはのぞく）
こ,コピー機・複合機（家庭用卓上型）　高さ20cm未満,500,こぴーき・ふくごうき（かていようたくじょうがた）　たかさ20cmみまん
こ,ごみ箱・コンテナ（高さと幅の合計90cm以上180cm未満）,500,ごみばこ・こんてな（たかさとはばのごうけい90cmいじょう180cmみまん）
こ,ゴムボート（1人乗り用）,500,ごむぼーと（1にんのりよう）
こ,コルクボード（大）　最大辺90cm以上,500,こるくぼーど（だい）　さいだいへん90cmいじょう
こ,ゴルフクラブ（7本まで）,500,ごるふくらぶ（7ほんまで）
こ,ゴルフバッグ,500,ごるふばっぐ
こ,コンガ　（楽器）,500,こんが　（がっき）
さ,サーキュレーター,500,さーきゅれーたー
さ,サイクルガレージ,500,さいくるがれーじ
さ,座椅子（大）※背もたれの高さが70㎝以上,500,ざいす（だい）※せもたれのたかさが70㎝いじょう
さ,魚焼き機（ロースター）,500,ざかなやきき（ろーすたー）
さ,柵　最大辺120cm以上,500,さく　さいだいへん120cmいじょう
さ,座卓　最大辺90cm未満,500,ざたく　さいだいへん90cmみまん
さ,サッシ戸　（窓用　高さ90cm未満）,500,さっしと　（まどよう　たかさ90cmみまん）
さ,サマーベッド,500,さまーべっど
さ,散水器（リール捲き）,500,さんすいき（りーるまき）
さ,サンスクリーン/日よけ　フレーム付,500,さんすくりーん/ひよけ　ふれーむつき
し,シーリングライト,500,しーりんぐらいと
し,ＣＤプレイヤー,500,ＣＤぷれいやー
し,ＣＤラジカセ,500,ＣＤらじかせ
し,ジェルシート/ジェルマット　3畳以上6畳未満,500,じぇるしーと/じぇるまっと　3じょういじょう6じょうみまん
し,磁気マットレス,500,じきまっとれす
し,敷物　3畳以上6畳未満,500,しきもの　3じょういじょう6じょうみまん
し,自転車（19インチ以下）　　三輪車は除く,500,じてんしゃ（19いんちいか）　　さんりんしゃはのぞく
し,芝刈り機（エンジンなし）,500,しばかりき（えんじんなし）
し,芝刈り機（手押し型・手動式）,500,しばかりき（ておしがた・しゅどうしき）
し,シャワートイレ（温水洗浄便座）,500,しゃわーといれ（おんすいせんじょうべんざ）
し,ジャングルジム,500,じゃんぐるじむ
し,シャンデリア（ランプ4個まで）,500,しゃんでりあ（らんぷ4こまで）
し,ジュラルミンケース,500,じゅらるみんけーす
し,シュレッダー　最大辺50cm以上,500,しゅれっだー　さいだいへん50cmいじょう
し,瞬間湯沸し器,500,しゅんかんゆわかしうつわ
し,障害者用歩行器,500,しょうがいしゃようほこうき
し,浄水器（置型）,500,じょうすいき（おきがた）
し,食卓テーブル　最大辺90cm未満,500,しょくたくてーぶる　さいだいへん90cmみまん
し,除湿機(コンプレッサー式・冷媒を使用しているものは不可）,500,じょしつき(こんぷれっさーしき・れいばいをしようしているものはふか）
し,食器乾燥器（卓上式）,500,しょっきかんそうき（たくじょうしき）
し,ショッピングカート　（フレームのみの物は200円）,500,しょっぴんぐかーと　（ふれーむのみのものは200えん）
し,人台（洋裁用）,500,じんだい（ようさいよう）
す,水中ポンプ,500,すいちゅうぽんぷ
す,炊飯器（4合炊き以上） ※内釜込み,500,すいはんき（4ごうたきいじょう） ※うちがまこみ
す,スーツケース（キャリーバッグ）,500,すーつけーす（きゃりーばっぐ）
す,姿見　最大辺160cm以上,500,すがたみ　さいだいへん160cmいじょう
す,スキー板（ケース、ビィンディング、ストック2本を含む）　※幼児用プラスチック製200円,500,すきーばん（けーす、びぃんでぃんぐ、すとっく2ほんをふくむ）　※ようじようぷらすちっくせい200えん
す,スキーキャリア（棒状のもの）,500,すきーきゃりあ（ぼうじょうのもの）
す,スキーバッグ、キャリーバッグ,500,すきーばっぐ、きゃりーばっぐ
す,スキャナー,500,すきゃなー
す,スキューバダイビングボンベ用リュック　BCDジャケット,500,すきゅーばだいびんぐぼんべようりゅっく　BCDじゃけっと
す,スキューバダイビング用スーツ,500,すきゅーばだいびんぐようすーつ
す,スクリーン（プロジェクター用など）,500,すくりーん（ぷろじぇくたーようなど）
す,スクリーン（日よけ）　フレーム付,500,すくりーん（ひよけ）　ふれーむつき
す,スチーム洗浄機　（家庭用　100V）,500,すちーむせんじょうき　（かていよう　100V）
す,スチームモップ,500,すちーむもっぷ
す,スツール（ボックス型の椅子）,500,すつーる（ぼっくすがたのいす）
す,ステレオアンプ,500,すてれおあんぷ
す,ステレオチューナー,500,すてれおちゅーなー
す,ストーブ ・ ガスストーブ,500,すとーぶ ・ がすすとーぶ
す,スノーボードキャリア（棒状のもの）,500,すのーぼーどきゃりあ（ぼうじょうのもの）
す,すのこ （寝具用） 120cm×190cm,500,すのこ （しんぐよう） 120cm×190cm
す,すべり台（プラスチック製・室内用）,500,すべりだい（ぷらすちっくせい・しつないよう）
す,ズボンプレッサー,500,ずぼんぷれっさー
す,スライド映写機,500,すらいどえいしゃき
す,スリッパ立て（高さ60cm以上）,500,すりっぱたて（たかさ60cmいじょう）
せ,製図板（版）,500,せいずばん（はん）
せ,精米機,500,せいまいき
せ,赤外線治療器（加熱式）,500,せきがいせんちりょうき（かねつしき）
せ,セラミックヒーター　最大辺60cm未満,500,せらみっくひーたー　さいだいへん60cmみまん
せ,洗濯機の台　（キャスター付き）,500,せんたくきのだい　（きゃすたーつき）
せ,洗濯機・乾燥機ラック,500,せんたくき・かんそうきらっく
せ,扇風機　（卓上は200円）,500,せんぷうき　（たくじょうは200えん）
そ,掃除機（スタンド型も500円、手持式は200円）,500,そうじき（すたんどがたも500えん、てもちしきは200えん）
そ,掃除ロボット（丸型）,500,そうじろぼっと（まるがた）
そ,造花　120cm以上,500,ぞうか　120cmいじょう
そ,足温器,500,そくおんき
た,タープ　（パイプ2～4本使用の日除けシート）,500,たーぷ　（ぱいぷ2～4ほんしようのひよけしーと）
た,台車（長さ80cm未満）,500,だいしゃ（ながさ80cmみまん）
た,太鼓（締太鼓）,500,だいこ（しめだいこ）
た,大正琴,500,たいしょうごと
た,ダイニングテーブル　最大辺90cm未満,500,だいにんぐてーぶる　さいだいへん90cmみまん
た,ダイニング用椅子（2人掛け・背もたれなし）,500,だいにんぐよういす（2にんがけ・せもたれなし）
た,ダイビングスーツ,500,だいびんぐすーつ
た,タイプライター,500,たいぷらいたー
た,高枝切りばさみ （枝切りばさみ　200円）,500,たかえだぎりばさみ （えだぎりばさみ　200えん）
た,抱き枕（90cm以上）,500,だきまくら（90cmいじょう）
た,タワーファン,500,たわーふぁん
ち,チェーンソー(モーター式）　　（エンジン式は　1000円）,500,ちぇーんそー(もーたーしき）　　（えんじんしきは　1000えん）
ち,チャイルドシート,500,ちゃいるどしーと
ち,チューナー（BS）,500,ちゅーなー（BS）
ち,チューナー（ステレオ）,500,ちゅーなー（すてれお）
ち,中国琴（楊琴）　台のみ,500,ちゅうごくこと（ようこと）　だいのみ
つ,ついたて/パーテーション　高さ90cm以上,500,ついたて/ぱーてーしょん　たかさ90cmいじょう
つ,机　（折りたたみ式）　最大辺90cm以上,500,つくえ　（おりたたみしき）　さいだいへん90cmいじょう
つ,机　（座卓タイプ）　最大辺90cm未満,500,つくえ　（ざたくたいぷ）　さいだいへん90cmみまん
つ,机の上の本棚部分,500,つくえのうえのほんだなぶぶん
つ,つっぱりパーテーション　（最大辺180cm以内）,500,つっぱりぱーてーしょん　（さいだいへん180cmいない）
つ,壺 　最大辺50cm以上90ｃｍまで,500,つぼ 　さいだいへん50cmいじょう90ｃｍまで
つ,釣り用品　（フローター）,500,つりようひん　（ふろーたー）
て,DVDプレイヤー/レコーダー,500,DVDぷれいやー/れこーだー
て,テーブル　最大辺90cm未満,500,てーぶる　さいだいへん90cmみまん
て,テープレコーダー,500,てーぷれこーだー
て,低周波治療器具 5kgまで　（片手で持てる）,500,ていしゅうはちりょうきぐ 5kgまで　（かたてでもてる）
て,鉄棒（大）　（遊具）,500,てつぼう（だい）　（ゆうぐ）
て,電気スタンド（卓上タイプ以外）　高さ180cm未満,500,でんきすたんど（たくじょうたいぷいがい）　たかさ180cmみまん
て,電気ストーブ （足元用　最大辺40cm未満は200円）,500,でんきすとーぶ （あしもとよう　さいだいへん40cmみまんは200えん）
て,電気治療器具 5kgまで　（片手で持てる）,500,でんきちりょうきぐ 5kgまで　（かたてでもてる）
て,電気のかさ（シャンデリアではなく電球が複数個）電球は外す,500,でんきのかさ（しゃんでりあではなくでんきゅうがふくすうこ）でんきゅうははずす
て,電気フライヤー,500,でんきふらいやー
て,電気餅つき機（小）　ホームベーカリーの大きさ,500,でんきもちつきき（しょう）　ほーむべーかりーのおおきさ
て,電磁調理器（IHクッキングヒータ　2口以上）,500,でんじちょうりき（IHくっきんぐひーた　2くちいじょう）
て,天体望遠鏡　本体のみ,500,てんたいぼうえんきょう　ほんたいのみ
て,テント一式（5人用まで）,500,てんといしき（5にんようまで）
て,電動ノコギリ・電動ドリル・電動カンナ　（ハンディタイプ）,500,でんどうのこぎり・でんどうどりる・でんどうかんな　（はんでぃたいぷ）
て,電動マッサージ器　座椅子式フットマッサージ器背もたれ長さ80cm未満,500,でんどうまっさーじうつわ　ざいすしきふっとまっさーじうつわせもたれながさ80cmみまん
と,陶器の入れ物　50cm以上90cmまで,500,とうきのいれもの　50cmいじょう90cmまで
と,陶器の置物（高さ90cmまで）,500,とうきのおきもの（たかさ90cmまで）
と,時計　（最大辺100cm以上）,500,とけい　（さいだいへん100cmいじょう）
と,トランク（スーツケース）,500,とらんく（すーつけーす）
と,トランポリン,500,とらんぽりん
と,ドリル　（電動ハンディタイプ）,500,どりる　（でんどうはんでぃたいぷ）
と,トレーニング機器（小）足湯、足踏みステップ、美顔器等,500,とれーにんぐきき（しょう）あしゆ、あしぶみすてっぷ、びがんきなど
な,長椅子（背もたれ無し）,500,ながいす（せもたれなし）
に,人形　高さ60cm以上、ケース込,500,にんぎょう　たかさ60cmいじょう、けーすごめ
に,人形ケース　最大辺60cm以上,500,にんぎょうけーす　さいだいへん60cmいじょう
の,ノコギリ（電動式）,500,のこぎり（でんどうしき）
は,パーテーション/ついたて　最大辺90cm以上,500,ぱーてーしょん/ついたて　さいだいへん90cmいじょう
は,ハープ（小型）高さ1mまで,500,はーぷ（こがた）たかさ1mまで
は,バーベキューグリル　グリルの最大辺90cm未満,500,ばーべきゅーぐりる　ぐりるのさいだいへん90cmみまん
は,バーベキューセット　2バーナー　　　（ガソリン仕様）燃料は抜く,500,ばーべきゅーせっと　2ばーなー　　　（がそりんしよう）ねんりょうはぬく
は,ハイアンドローチェアー（ベビーラック）,500,はいあんどろーちぇあー（べびーらっく）
は,パイプハンガーラック,500,ぱいぷはんがーらっく
は,枯葉用バキューム　電気式100Ｖ　充電　コンセント,500,かれはようばきゅーむ　でんきしき100Ｖ　じゅうでん　こんせんと
は,剥製　最大辺1m未満,500,はくせい　さいだいへん1mみまん
は,バケツ型洗濯機　（排水機能なし）,500,ばけつがたせんたくき　（はいすいきのうなし）
は,柱時計　最大辺100cm以上,500,はしらどけい　さいだいへん100cmいじょう
は,バスケットゴールの柱,500,ばすけっとごーるのはしら
は,バスケットゴールの台座（プラスチック製ベースタンク）,500,ばすけっとごーるのだいざ（ぷらすちっくせいべーすたんく）
は,パソコンスキャナー,500,ぱそこんすきゃなー
は,パソコンプリンター・複合機（家庭用卓上型）　高さ20cm未満,500,ぱそこんぷりんたー・ふくごうき（かていようたくじょうがた）　たかさ20cmみまん
は,パソコンラック,500,ぱそこんらっく
は,8ミリ映写機,500,8みりえいしゃき
は,パラソル（ガーデニング用・台込み・コンクリート部分を除く）,500,ぱらそる（がーでにんぐよう・だいこみ・こんくりーとぶぶんをのぞく）
は,ハロゲンヒーター,500,はろげんひーたー
は,ハンガーラック　（木製・パイプ製）,500,はんがーらっく　（もくせい・ぱいぷせい）
は,パンチングマシーン（重りの砂は不可）,500,ぱんちんぐましーん（おもりのすなはふか）
は,パン焼き器（ホームベーカリー）,500,ぱんやきうつわ（ほーむべーかりー）
ひ,ピアノのイス,500,ぴあののいす
ひ,BSアンテナ,500,BSあんてな
ひ,BSチューナー,500,BSちゅーなー
ひ,美顔器（健康器具）,500,びがんき（けんこうきぐ）
ひ,BCDジャケット　スキューバダイビング用ボンベ用リュック,500,BCDじゃけっと　すきゅーばだいびんぐようぼんべようりゅっく
ひ,ビデオデッキ,500,びでおでっき
ひ,ひな壇飾り（7段未満・人形無し）,500,ひなだんかざり（7だんみまん・にんぎょうなし）
ひ,ビニール温室　最大辺100cm以上,500,びにーるおんしつ　さいだいへん100cmいじょう
ひ,火鉢　※鉄製不可,500,ひばち　※てっせいふか
ひ,屏風（折り畳んで最大辺180cm未満）,500,びょうぶ（おりたたんでさいだいへん180cmみまん）
ひ,日よけ/サンスクリーン　フレーム付,500,ひよけ/さんすくりーん　ふれーむつき
ひ,日よけ/ロールスクリーン　最大辺120～280cm未満,500,ひよけ/ろーるすくりーん　さいだいへん120～280cmみまん
ふ,ファクシミリ・複合機（家庭用卓上型）　高さ20cm未満,500,ふぁくしみり・ふくごうき（かていようたくじょうがた）　たかさ20cmみまん
ふ,ファンシーケース（パイプハンガー類）,500,ふぁんしーけーす（ぱいぷはんがーるい）
ふ,ファンヒーター 　（電気・石油・ガス　燃料は抜く）最大辺40cm以上60cm未満,500,ふぁんひーたー 　（でんき・せきゆ・がす　ねんりょうはぬく）さいだいへん40cmいじょう60cmみまん
ふ,複合機（家庭用卓上型）　高さ20cm未満,500,ふくごうき（かていようたくじょうがた）　たかさ20cmみまん
ふ,フットバス（足湯）,500,ふっとばす（あしゆ）
ふ,フットマッサージ器 (足マッサージ機）,500,ふっとまっさーじうつわ (あしまっさーじき）
ふ,ふとん（１枚）,500,ふとん（１まい）
ふ,布団乾燥機,500,ぶとんかんそうき
ふ,ふとん干し,500,ふとんぼし
ふ,踏み台　(最大辺６０㎝以上９０㎝未満）,500,ふみだい　(さいだいへん６０㎝いじょう９０㎝みまん）
ふ,フラワースタンド（４段以上）,500,ふらわーすたんど（４だんいじょう）
ふ,フラワーアーケード（簡易式）　最大辺300cm未満,500,ふらわーあーけーど（かんいしき）　さいだいへん300cmみまん
ふ,ブラインド（最大辺120cm以上）,500,ぶらいんど（さいだいへん120cmいじょう）
ふ,ブランコ（1人用）,500,ぶらんこ（1にんよう）
ふ,プリンター・複合機（家庭用卓上型）　高さ20cm未満,500,ぷりんたー・ふくごうき（かていようたくじょうがた）　たかさ20cmみまん
ふ,フローター（釣り用品）,500,ふろーたー（つりようひん）
ふ,フロアー電気スタンド（高さ180㎝以内）,500,ふろあーでんきすたんど（たかさ180㎝いない）
ふ,ブロアー(枯葉用)　電気式100Ｖ　充電　コンセント,500,ぶろあー(かれはよう)　でんきしき100Ｖ　じゅうでん　こんせんと
ふ,プロジェクター,500,ぷろじぇくたー
ふ,プロジェクターのスクリーン,500,ぷろじぇくたーのすくりーん
ふ,プロテクター（野球用）,500,ぷろてくたー（やきゅうよう）
ふ,風呂用ジェット,500,ふろようじぇっと
ふ,噴霧器,500,ふんむき
へ,ペット小屋　鉄製檻（鉄部分太さ3㎜超、1.0㎡超は不可）,500,ぺっとこや　てっせいおり（てつぶぶんふとさ3㎜ちょう、1.0㎡ちょうはふか）
へ,ペット小屋　小動物用,500,ぺっとこや　しょうどうぶつよう
へ,ペットタワー（ツリー）　90cm以上,500,ぺっとたわー（つりー）　90cmいじょう
へ,ベッドのヘッド部分／フット部分　各１枚,500,べっどのへっどぶぶん／ふっとぶぶん　かく１まい
へ,ベッドの側面　1枚,500,べっどのそくめん　1まい
へ,ベビーカー（乳母車）　(双子用含む）,500,べびーかー（うばぐるま）　(ふたごようふくむ）
へ,ベビーバギー　(双子用含む）,500,べびーばぎー　(ふたごようふくむ）
へ,ベビーベッド　※マット込み,500,べびーべっど　※まっとこみ
へ,ベビーラック（ハイアンドローチェアー）,500,べびーらっく（はいあんどろーちぇあー）
へ,ベランダ物干,500,べらんだものほし
ほ,望遠鏡　本体,500,ぼうえんきょう　ほんたい
ほ,帽子コート掛け・ポールハンガー　（80cm以上）,500,ぼうしこーとがけ・ぽーるはんがー　（80cmいじょう）
ほ,ホースリール,500,ほーすりーる
ほ,ポータブルトイレ,500,ぽーたぶるといれ
ほ,ホームベーカリー（パン焼き器）,500,ほーむべーかりー（ぱんやきうつわ）
ほ,ポールハンガー・帽子コート掛け,500,ぽーるはんがー・ぼうしこーとがけ
ほ,ホットプレート,500,ほっとぷれーと
ほ,ポリバケツ　高さ50cm以上,500,ぽりばけつ　たかさ50cmいじょう
ほ,ホワイトボード（大）　最大辺90cm以上,500,ほわいとぼーど（だい）　さいだいへん90cmいじょう
ま,マッサージチェア　座椅子式フットマッサージ器背もたれ長さ80cm未満,500,まっさーじちぇあ　ざいすしきふっとまっさーじうつわせもたれながさ80cmみまん
ま,マットレス（布団用３つ折りタイプ）,500,まっとれす（ふとんよう３つおりたいぷ）
ま,マネキン（人体）,500,まねきん（じんたい）
み,ミシン（卓上式、収納箱を含む）,500,みしん（たくじょうしき、しゅうのうばこをふくむ）
み,ミニコンポ（スピーカー無し）,500,みにこんぽ（すぴーかーなし）
も,餅つき機（２升未満）,500,もちつきき（２しょうみまん）
も,物干し台（コンクリート部分を除く）　1対,500,ものほしだい（こんくりーとぶぶんをのぞく）　1たい
や,焼き肉プレート　（ホットプレート）,500,やきにくぷれーと　（ほっとぷれーと）
ゆ,湯沸器　（給湯器）,500,ゆわかしき　（きゅうとうき）
よ,楊琴（中国琴）　台のみ,500,ようこと（ちゅうごくこと）　だいのみ
よ,洋服用ボディー　（人台）,500,ようふくようぼでぃー　（じんだい）
ら,ライトテーブル　最大辺90cm未満,500,らいとてーぶる　さいだいへん90cmみまん
ら,ラジオ,500,らじお
ら,ラジオカセット,500,らじおかせっと
ら,ラティスフェンス　最大辺90cm～180cmまで,500,らてぃすふぇんす　さいだいへん90cm～180cmまで
ら,ラミネーター,500,らみねーたー
り,リクライニングチェア　高さ1m未満,500,りくらいにんぐちぇあ　たかさ1mみまん
り,リビングライト,500,りびんぐらいと
り,旅行かばん,500,りょこうかばん
れ,レーザーディスクプレーヤー,500,れーざーでぃすくぷれーやー
れ,レコードプレイヤー,500,れこーどぷれいやー
ろ,ロースター（魚焼き器）,500,ろーすたー（さかなやきうつわ）
ろ,ローソファー（1人用）座面の高さ20㎝未満,500,ろーそふぁー（1にんよう）ざめんのたかさ20㎝みまん
ろ,ロールスクリーン/日よけ　最大辺120～280cm未満,500,ろーるすくりーん/ひよけ　さいだいへん120～280cmみまん
ろ,ろ過機一式（水槽用）,500,ろかきいしき（すいそうよう）
ろ,ろ過装置　（池用　灯篭型）,500,ろかそうち　（いけよう　とうろうがた）
ろ,ロッキングチェア,500,ろっきんぐちぇあ
わ,ワードプロセッサ（ワープロ）　ノート型,500,わーどぷろせっさ（わーぷろ）　のーとがた
わ,ワゴン,500,わごん
わ,和裁台,500,わたちだい
あ,アイスボックス（高さと幅の合計210cm未満）,"1,000",あいすぼっくす（たかさとはばのごうけい210cmみまん）
あ,アイスホッケーセット（スティック含む）,"1,000",あいすほっけーせっと（すてぃっくふくむ）
あ,アコーディオンカーテン（高さ180cm以上）,"1,000",あこーでぃおんかーてん（たかさ180cmいじょう）
あ,アルミサッシ戸　(戸・扉）,"1,000",あるみさっしと　(と・とびら）
あ,泡風呂装置,"1,000",あわぶろそうち
い,椅子（ダイニング用2人掛け・背もたれあり）,"1,000",いす（だいにんぐよう2にんがけ・せもたれあり）
い,板戸,"1,000",いたど
う,ウッドカーペット（6畳未満）,"1,000",うっどかーぺっと（6じょうみまん）
え,縁台　　 120cm以上　（コンクリート製不可）,"1,000",えんだい　　 120cmいじょう　（こんくりーとせいふか）
お,オイルヒーター,"1,000",おいるひーたー
お,応接用ソファー（1人掛け）,"1,000",おうせつようそふぁー（1にんがけ）
お,オーニング（可動式日よけ）,"1,000",おーにんぐ（かどうしきひよけ）
お,オーブン,"1,000",おーぶん
お,屋外コンテナ（高さと幅の合計210cm未満）,"1,000",おくがいこんてな（たかさとはばのごうけい210cmみまん）
お,折りたたみ自転車　20インチ以上,"1,000",おりたたみじてんしゃ　20いんちいじょう
お,折りたたみベッド （マット含む）,"1,000",おりたたみべっど （まっとふくむ）
お,温水ヒーター,"1,000",おんすいひーたー
お,温風器　最大辺60cm以上,"1,000",おんぷうき　さいだいへん60cmいじょう
か,ガーデンアーチ（簡易式）/ガーデニングアーチ（簡易式） 最大辺300cm以上,"1,000",がーでんあーち（かんいしき）/がーでにんぐあーち（かんいしき） さいだいへん300cmいじょう
か,学習机（キャビネット込み）　※蛍光管は外す,"1,000",がくしゅうづくえ（きゃびねっとこみ）　※けいこうかんははずす
か,ガスオーブン/ガスオーブンレンジ,"1,000",がすおーぶん/がすおーぶんれんじ
か,ガスファンヒーター　最大辺60cm以上,"1,000",がすふぁんひーたー　さいだいへん60cmいじょう
か,楽器（ベース／チェロ／その他類似する比較的大きな楽器）,"1,000",がっき（べーす／ちぇろ／そのたるいじするひかくてきおおきながっき）
か,門松（※砂、重りは取り除く）　高さ120cm以内　1対,"1,000",かどまつ（※すな、おもりはとりのぞく）　たかさ120cmいない　1たい
か,ガラステーブル　最大辺90cm以上,"1,000",がらすてーぶる　さいだいへん90cmいじょう
か,ガラス戸 (90cm×180cm),"1,000",がらすど (90cm×180cm)
か,枯葉用ブロアー　エンジン式　燃料は抜く,"1,000",かれはようぶろあー　えんじんしき　ねんりょうはぬく
か,枯葉用バキューム　エンジン式　燃料は抜く,"1,000",かれはようばきゅーむ　えんじんしき　ねんりょうはぬく
き,脚立（二折り時90cm以上３ｍ未満）,"1,000",きゃたつ（ふたつおりじ90cmいじょう３ｍみまん）
き,キャリアボックス（180cm以上） ※ベースキャリアを除く。,"1,000",きゃりあぼっくす（180cmいじょう） ※べーすきゃりあをのぞく。
き,鏡台/三面鏡（椅子は除く）,"1,000",きょうだい/さんめんきょう（いすはのぞく）
く,クーラーボックス（高さと幅の合計210cm未満）（電気式は不可）,"1,000",くーらーぼっくす（たかさとはばのごうけい210cmみまん）（でんきしきはふか）
く,草刈り機（エンジンあり）燃料は抜く,"1,000",くさかりき（えんじんあり）ねんりょうはぬく
け,健康器具（中）美脚マシーン／スピンスライダー等,"1,000",けんこうきぐ（なか）びきゃくましーん／すぴんすらいだーなど
け,健康ふとん・マット　（治療機能、マーサージ機能付き）,"1,000",けんこうふとん・まっと　（ちりょうきのう、まーさーじきのうつき）
こ,黒板（大）　90×180以上,"1,000",こくばん（だい）　90×180いじょう
こ,こたつ・家具調こたつ　最大辺90cm以上　こたつ板含む,"1,000",こたつ・かぐちょうこたつ　さいだいへん90cmいじょう　こたついたふくむ
こ,琴　6尺（長さ 約 180cm）,"1,000",こと　6しゃく（ながさ やく 180cm）
こ,子ども用電動自動車（全長1ｍ以上・バッテリーは除く）,"1,000",こどもようでんどうじどうしゃ（ぜんちょう1ｍいじょう・ばってりーはのぞく）
こ,コピー機・複合機（家庭用卓上型）　高さ50cmまで,"1,000",こぴーき・ふくごうき（かていようたくじょうがた）　たかさ50cmまで
こ,ごみ箱・コンテナ（高さと幅の合計180cm以上210cm未満）,"1,000",ごみばこ・こんてな（たかさとはばのごうけい180cmいじょう210cmみまん）
こ,ゴムボート（２人乗り用）,"1,000",ごむぼーと（２にんのりよう）
こ,コンポ（ステレオ）,"1,000",こんぽ（すてれお）
さ,サイクリングマシーン小型（健康器具）,"1,000",さいくりんぐましーんこがた（けんこうきぐ）
さ,座卓　最大辺90cm以上,"1,000",ざたく　さいだいへん90cmいじょう
さ,サッシ戸　(戸・扉）,"1,000",さっしと　(と・とびら）
さ,サンドバッグ　※砂は不可,"1,000",さんどばっぐ　※すなはふか
さ,三面鏡,"1,000",さんめんきょう
し,シーリングファンライト,"1,000",しーりんぐふぁんらいと
し,ジェルシート/ジェルマット　６畳以上,"1,000",じぇるしーと/じぇるまっと　６じょういじょう
し,敷物　6畳以上,"1,000",しきもの　6じょういじょう
し,自転車（20インチ以上）,"1,000",じてんしゃ（20いんちいじょう）
し,芝刈り機（エンジンあり）　燃料は抜く,"1,000",しばかりき（えんじんあり）　ねんりょうはぬく
し,芝刈り機（手押し型・電動式）,"1,000",しばかりき（ておしがた・でんどうしき）
し,シャンデリア（ランプ5個以上）,"1,000",しゃんでりあ（らんぷ5こいじょう）
し,食卓テーブル　最大辺90cm以上,"1,000",しょくたくてーぶる　さいだいへん90cmいじょう
し,食器洗い乾燥機（取付式）　　　　　ビルトインタイプ　不可,"1,000",しょっきあらいかんそうき（とりつけしき）　　　　　びるといんたいぷ　ふか
す,スチール机,"1,000",すちーるづくえ
す,ステレオコンポ（ミニコンポ）,"1,000",すてれおこんぽ（みにこんぽ）
せ,製図台（ドラフター）,"1,000",せいずだい（どらふたー）
せ,石油タンク・灯油タンク　　90?以下　　（屋外用・架台込み　燃料は抜く）,"1,000",せきゆたんく・とうゆたんく　　90?いか　　（おくがいよう・かだいこみ　ねんりょうはぬく）
せ,セラミックヒーター　最大辺60cm以上,"1,000",せらみっくひーたー　さいだいへん60cmいじょう
せ,船外機　10馬力未満まで　燃料は抜く,"1,000",せんがいき　10ばりきみまんまで　ねんりょうはぬく
せ,せん定枝粉砕機　（家庭用　100V）,"1,000",せんていえだふんさいき　（かていよう　100V）
そ,ソーラーライト（庭園灯　支柱込み）,"1,000",そーらーらいと（ていえんとう　しちゅうこみ）
そ,ソファー（応接用　一人掛け）,"1,000",そふぁー（おうせつよう　ひとりがけ）
た,台車（長さ80cm以上）,"1,000",だいしゃ（ながさ80cmいじょう）
た,ダイニングテーブル　最大辺90cm以上,"1,000",だいにんぐてーぶる　さいだいへん90cmいじょう
た,ダイニング用椅子（2人掛け・背もたれ有り）,"1,000",だいにんぐよういす（2にんがけ・せもたれあり）
つ,机　（学習机　キャビネット込み）,"1,000",つくえ　（がくしゅうづくえ　きゃびねっとこみ）
つ,机　（座卓タイプ）　最大辺90cm以上,"1,000",つくえ　（ざたくたいぷ）　さいだいへん90cmいじょう
つ,机　（スチール製・木製）,"1,000",つくえ　（すちーるせい・もくせい）
つ,机　（ライティングデスク） 高さ120㎝未満,"1,000",つくえ　（らいてぃんぐですく） たかさ120㎝みまん
て,テーブル　最大辺90cm以上,"1,000",てーぶる　さいだいへん90cmいじょう
て,庭園灯（ソーラーライト式　支柱含む）,"1,000",ていえんとう（そーらーらいとしき　しちゅうふくむ）
て,電気餅つき機,"1,000",でんきもちつきき
て,電子レンジ,"1,000",でんしれんじ
て,天体望遠鏡　台付き,"1,000",てんたいぼうえんきょう　だいつき
て,テント一式（6人用以上）,"1,000",てんといしき（6にんよういじょう）
て,電動マッサージ器　座椅子式折りたたみ式 背もたれ長さ80cm以上,"1,000",でんどうまっさーじうつわ　ざいすしきおりたたみしき せもたれながさ80cmいじょう
と,ドア　木製,"1,000",どあ　もくせい
と,灯油タンク・石油タンク　　90?以下　　（屋外用・架台込み　燃料は抜く）,"1,000",とうゆたんく・せきゆたんく　　90?いか　　（おくがいよう・かだいこみ　ねんりょうはぬく）
と,扉（木製）,"1,000",とびら（もくせい）
と,トレーニング機器（中）美脚マシーン／スピンスライダー等,"1,000",とれーにんぐきき（なか）びきゃくましーん／すぴんすらいだーなど
と,ドレッサー　※椅子は除く,"1,000",どれっさー　※いすはのぞく
な,内転筋エクササイザー,"1,000",ないてんきんえくささいざー
な,長椅子（背もたれ有り）,"1,000",ながいす（せもたれあり）
に,24時間風呂（循環型温水器）,"1,000",24じかんぶろ（じゅんかんがたおんすいき）
は,バーベキューグリル　グリルの最大辺90cm以上,"1,000",ばーべきゅーぐりる　ぐりるのさいだいへん90cmいじょう
は,パイプベッド　（折り畳み式簡易型　マット付）,"1,000",ぱいぷべっど　（おりたたみしきかんいがた　まっとつき）
は,枯葉用バキューム　エンジン式　燃料は抜く,"1,000",かれはようばきゅーむ　えんじんしき　ねんりょうはぬく
は,はしご（3ｍ未満）,"1,000",はしご（3ｍみまん）
は,バスケットゴールセット（解体できないものは収集不可）,"1,000",ばすけっとごーるせっと（かいたいできないものはしゅうしゅうふか）
は,パソコンプリンター・複合機（家庭用卓上型）　高さ50cmまで,"1,000",ぱそこんぷりんたー・ふくごうき（かていようたくじょうがた）　たかさ50cmまで
は,パチンコ台,"1,000",ぱちんこだい
ひ,ひな壇飾り（7段未満・人形有り）,"1,000",ひなだんかざり（7だんみまん・にんぎょうあり）
ひ,ひな壇飾り（7段以上・人形無し）,"1,000",ひなだんかざり（7だんいじょう・にんぎょうなし）
ひ,屏風（折り畳んで最大辺180cm以上270cmまで）,"1,000",びょうぶ（おりたたんでさいだいへん180cmいじょう270cmまで）
ひ,日よけ/ロールスクリーン　最大辺280～400cmまで,"1,000",ひよけ/ろーるすくりーん　さいだいへん280～400cmまで
ふ,ファクシミリ・複合機（家庭用卓上型）　高さ50cmまで,"1,000",ふぁくしみり・ふくごうき（かていようたくじょうがた）　たかさ50cmまで
ふ,ファンヒーター 　（電気・石油・ガス　燃料は抜く） 最大辺60cm以上,"1,000",ふぁんひーたー 　（でんき・せきゆ・がす　ねんりょうはぬく） さいだいへん60cmいじょう
ふ,複合機（家庭用卓上型）　高さ50cmまで,"1,000",ふくごうき（かていようたくじょうがた）　たかさ50cmまで
ふ,フラワーアーケード（簡易式）　最大辺300cm以上,"1,000",ふらわーあーけーど（かんいしき）　さいだいへん300cmいじょう
ふ,ぶらさがり健康機器,"1,000",ぶらさがりけんこうきき
ふ,ブランコ（2人乗り）,"1,000",ぶらんこ（2にんのり）
ふ,プリンター・複合機（家庭用卓上型）　高さ50cmまで,"1,000",ぷりんたー・ふくごうき（かていようたくじょうがた）　たかさ50cmまで
ふ,ブロアー(枯葉用)　エンジン式　燃料は抜く,"1,000",ぶろあー(かれはよう)　えんじんしき　ねんりょうはぬく
ふ,風呂釜（ガスバーナータイプ）,"1,000",ふろがま（がすばーなーたいぷ）
へ,ベッド（折りたたみ式簡易型　マット含む）,"1,000",べっど（おりたたみしきかんいがた　まっとふくむ）
へ,ベッドの床板,"1,000",べっどのゆかいた
へ,ベッドマット　スプリング無し,"1,000",べっどまっと　すぷりんぐなし
へ,"ベンチ（庭用2,3人用　金属部品を含まないもの）","1,000","べんち（にわよう2,3にんよう　きんぞくぶひんをふくまないもの）"
ほ,望遠鏡　台付き,"1,000",ぼうえんきょう　だいつき
ほ,ポケットバイク（バッテリー式） バッテリーは除く,"1,000",ぽけっとばいく（ばってりーしき） ばってりーはのぞく
ま,麻雀台,"1,000",まーじゃんだい
ま,マッサージチェア　座椅子式 背もたれ長さ80cm以上,"1,000",まっさーじちぇあ　ざいすしき せもたれながさ80cmいじょう
み,ミニコンポ（本体、スピーカー2個とも）,"1,000",みにこんぽ（ほんたい、すぴーかー2ことも）
も,餅つき機（２升以上）,"1,000",もちつきき（２しょういじょう）
も,物置　高さ120cm以下、床面積半畳未満、解体済みの状態,"1,000",ものおき　たかさ120cmいか、ゆかめんせきはんじょうみまん、かいたいすみのじょうたい
よ,浴槽の釜（ガスバーナタイプ）,"1,000",よくそうのかま（がすばーなたいぷ）
ら,ライティングデスク （高さ120㎝未満）,"1,000",らいてぃんぐですく （たかさ120㎝みまん）
ら,ライトテーブル　最大辺90cm以上,"1,000",らいとてーぶる　さいだいへん90cmいじょう
ら,ラブチェア,"1,000",らぶちぇあ
り,リクライニングソファー（1人用）,"1,000",りくらいにんぐそふぁー（1にんよう）
り,リクライニングチェア　高さ1m以上,"1,000",りくらいにんぐちぇあ　たかさ1mいじょう
れ,冷風機（水を使用するもの）,"1,000",れいふうき（みずをしようするもの）
れ,レンジ（ガスオーブン・電子）,"1,000",れんじ（がすおーぶん・でんし）
ろ,ローソファー（2人用以上）座面の高さ20㎝未満　長椅子型,"1,000",ろーそふぁー（2にんよういじょう）ざめんのたかさ20㎝みまん　ながいすがた
ろ,ロールスクリーン/日よけ　最大辺280～400cmまで,"1,000",ろーるすくりーん/ひよけ　さいだいへん280～400cmまで
あ,アイスボックス（高さと幅の合計210cm以上）,"2,000",あいすぼっくす（たかさとはばのごうけい210cmいじょう）
あ,アシスト付自転車（バッテリーは除く）,"2,000",あしすとつきじてんしゃ（ばってりーはのぞく）
あ,脚付きのマットレス,"2,000",あしつきのまっとれす
あ,足ぶみミシン,"2,000",あしぶみみしん
い,椅子式マッサージチェア　フットマッサージ機能なし,"2,000",いすしきまっさーじちぇあ　ふっとまっさーじきのうなし
う,ウッドカーペット（6畳以上）,"2,000",うっどかーぺっと（6じょういじょう）
え,エアロバイク（健康器具）,"2,000",えあろばいく（けんこうきぐ）
お,応接用ソファー（2人掛け以上　長椅子型）,"2,000",おうせつようそふぁー（2にんかけいじょう　ながいすがた）
お,屋外コンテナ（高さと幅の合計210cm以上）,"2,000",おくがいこんてな（たかさとはばのごうけい210cmいじょう）
お,折りたたみベッド 電動式（マット含む）,"2,000",おりたたみべっど でんどうしき（まっとふくむ）
か,楽器（ドラムセット／その他類似する大型楽器）,"2,000",がっき（どらむせっと／そのたるいじするおおがたがっき）
か,門松（※砂、重りは取り除く）　高さ120cm以上　1対,"2,000",かどまつ（※すな、おもりはとりのぞく）　たかさ120cmいじょう　1たい
か,簡易サウナ（180cm×80cm×80cm）,"2,000",かんいさうな（180cm×80cm×80cm）
く,クーラーボックス（高さと幅の合計210cm以上）（電気式は不可）,"2,000",くーらーぼっくす（たかさとはばのごうけい210cmいじょう）（でんきしきはふか）
け,健康器具（大）腹筋台／ランニングマシン／ロデオマシン等,"2,000",けんこうきぐ（だい）ふっきんだい／らんにんぐましん／ろでおましんなど
こ,ごみ箱・コンテナ（高さと幅の合計210cm以上）,"2,000",ごみばこ・こんてな（たかさとはばのごうけい210cmいじょう）
こ,ゴムボート（２人乗り以上）,"2,000",ごむぼーと（２にんのりいじょう）
さ,サイクリングマシーン（健康器具）,"2,000",さいくりんぐましーん（けんこうきぐ）
さ,サウナ簡易型　（180cm×80cm×80cm）,"2,000",さうなかんいがた　（180cm×80cm×80cm）
さ,三段ベッド（上段・中段・下段の内の1段のみ）※ハシゴ含む,"2,000",三だんべっど（じょうだん・ちゅうだん・げだんのうちの1だんのみ）※はしごふくむ
さ,三輪車（大人用）,"2,000",さんりんしゃ（おとなよう）
す,スチール机　両袖タイプ,"2,000",すちーるづくえ　りょうそでたいぷ
す,ステレオセット　（アンプ、チューナー、プレイヤー、スピーカー含む）,"2,000",すてれおせっと　（あんぷ、ちゅーなー、ぷれいやー、すぴーかーふくむ）
す,スプリングマット（ベッドマット・スプリング入り）,"2,000",すぷりんぐまっと（べっどまっと・すぷりんぐはいり）
す,スロット台,"2,000",すろっとだい
せ,石油タンク・灯油タンク　　90?以上180?未満　　（屋外用・架台込み　燃料は抜く）,"2,000",せきゆたんく・とうゆたんく　　90?いじょう180?みまん　　（おくがいよう・かだいこみ　ねんりょうはぬく）
せ,セミダブルベッド　※板込み、ベッドマット・畳は別,"2,000",せみだぶるべっど　※いたこみ、べっどまっと・たたみはべつ
そ,ソファー（応接用　二人掛け以上　長椅子型）　※分離するタイプは１点ずつ,"2,000",そふぁー（おうせつよう　ふたりがけいじょう　ながいすがた）　※ぶんりするたいぷは１てんずつ
そ,ソファーベッド,"2,000",そふぁーべっど
た,ダブルベッド　※板込み、ベッドマット・畳は別,"2,000",だぶるべっど　※いたこみ、べっどまっと・たたみはべつ
ち,中国琴（楊琴）　一式,"2,000",ちゅうごくこと（ようこと）　いしき
つ,机　（スチール製・木製　両袖タイプ）,"2,000",つくえ　（すちーるせい・もくせい　りょうそでたいぷ）
つ,机　（ライティングデスク） 高さ120㎝以上,"2,000",つくえ　（らいてぃんぐですく） たかさ120㎝いじょう
て,電動折りたたみベッド,"2,000",でんどうおりたたみべっど
て,電動アシスト付自転車　バッテリーは除く,"2,000",でんどうあしすとつきじてんしゃ　ばってりーはのぞく
て,電動マッサージ器　椅子式・フットマッサージ器能なし,"2,000",でんどうまっさーじうつわ　いすしき・ふっとまっさーじうつわのうなし
て,電動マッサージ器　折りたたみ式,"2,000",でんどうまっさーじうつわ　おりたたみしき
て,電動リクライニングソファー（1人掛け）,"2,000",でんどうりくらいにんぐそふぁー（1にんがけ）
と,灯油タンク・石油タンク　　90?以上180?未満　　（屋外用・架台込み　燃料は抜く）,"2,000",とうゆたんく・せきゆたんく　　90?いじょう180?みまん　　（おくがいよう・かだいこみ　ねんりょうはぬく）
と,ドラムセット,"2,000",どらむせっと
と,トレーニング機器（大）腹筋台／ランニングマシン／ロデオマシン等,"2,000",とれーにんぐきき（だい）ふっきんだい／らんにんぐましん／ろでおましんなど
に,二段ベッド（上段または下段のみ）※ハシゴ含む,"2,000",二だんべっど（じょうだんまたはげだんのみ）※はしごふくむ
は,パイプベッド,"2,000",ぱいぷべっど
は,はしご（3ｍ以上4ｍまで）,"2,000",はしご（3ｍいじょう4ｍまで）
は,パチスロ台,"2,000",ぱちすろだい
ひ,ひな壇飾り（7段以上・人形有り）,"2,000",ひなだんかざり（7だんいじょう・にんぎょうあり）
へ,ベッド　※板込み、ベッドマット・畳は別,"2,000",べっど　※いたこみ、べっどまっと・たたみはべつ
へ,ベッド（折りたたみ 電動式　マット含む）,"2,000",べっど（おりたたみ でんどうしき　まっとふくむ）
へ,ベッド　二段ベッド三段ベッドの上段、中段、下段の一段のみ,"2,000",べっど　二だんべっど三だんべっどのじょうだん、ちゅうだん、げだんの一だんのみ
へ,ベッドマット　スプリング入り,"2,000",べっどまっと　すぷりんぐはいり
へ,ベッドマット　脚付き,"2,000",べっどまっと　あしつき
へ,ベルトマッサージ器（健康器具）,"2,000",べるとまっさーじうつわ（けんこうきぐ）
へ,"ベンチ（庭用2,3人用　一部金属部品が含まれるもの）","2,000","べんち（にわよう2,3にんよう　いちぶきんぞくぶひんがふくまれるもの）"
ま,麻雀台（電動式）,"2,000",まーじゃんだい（でんどうしき）
ま,椅子式マッサージチェア　フットマッサージ機能なし,"2,000",いすしきまっさーじちぇあ　ふっとまっさーじきのうなし
ま,マッサージチェア　（折りたたみ式）,"2,000",まっさーじちぇあ　（おりたたみしき）
ま,マットレス　脚付き,"2,000",まっとれす　あしつき
み,ミシン（卓上式以外のもの）,"2,000",みしん（たくじょうしきいがいのもの）
も,物置　高さ180cm以下、床面積1畳未満、解体済みの状態,"2,000",ものおき　たかさ180cmいか、ゆかめんせき1じょうみまん、かいたいすみのじょうたい
よ,楊琴（中国琴）　一式,"2,000",ようこと（ちゅうごくこと）　いしき
よ,洋式ベッド（マットを除く）,"2,000",ようしきべっど（まっとをのぞく）
ら,ライティングデスク （高さ120㎝以上）,"2,000",らいてぃんぐですく （たかさ120㎝いじょう）
り,リクライニングソファー（2人用）,"2,000",りくらいにんぐそふぁー（2にんよう）
り,リクライニング電動ソファー（1人用）,"2,000",りくらいにんぐでんどうそふぁー（1にんよう）
り,リヤカー,"2,000",りやかー
ろ,ローイングマシーン,"2,000",ろーいんぐましーん
ろ,ロデオマシーン　（健康器具）,"2,000",ろでおましーん　（けんこうきぐ）
ろ,ロフトベッド（机なし）　※ハシゴ含む,"2,000",ろふとべっど（つくえなし）　※はしごふくむ
わ,和式ベッド（床面が畳の場合は外す）,"2,000",わしきべっど（ゆかめんがたたみのばあいははずす）
い,椅子式マッサージチェア　全身フットマッサージ付,"3,000",いすしきまっさーじちぇあ　ぜんしんふっとまっさーじつき
う,ウォーターベッド,"3,000",うぉーたーべっど
お,オルガン（電子オルガンを含む）,"3,000",おるがん（でんしおるがんをふくむ）
か,介護用ベッド（ベッドマットは別途）,"3,000",かいごようべっど（べっどまっとはべっと）
か,楽器（オルガン／電子オルガン）,"3,000",がっき（おるがん／でんしおるがん）
く,車椅子（電動式）,"3,000",くるまいす（でんどうしき）
さ,三段ベッド　※ハシゴ含む,"3,000",三だんべっど　※はしごふくむ
さ,三輪車（大人用）電動アシスト付　バッテリーは除く,"3,000",さんりんしゃ（おとなよう）でんどうあしすとつき　ばってりーはのぞく
た,卓球台,"3,000",たっきゅうだい
つ,机　（ロフトベット付）,"3,000",つくえ　（ろふとべっとつき）
て,電動車椅子　バッテリーは除く,"3,000",でんどうくるまいす　ばってりーはのぞく
て,電動アシスト付三輪車　バッテリーは除く,"3,000",でんどうあしすとつきさんりんしゃ　ばってりーはのぞく
て,電動マッサージ器　椅子式・全身フットマッサージ付,"3,000",でんどうまっさーじうつわ　いすしき・ぜんしんふっとまっさーじつき
に,二段ベッド　※ハシゴ含む,"3,000",二だんべっど　※はしごふくむ
へ,ベッド　二段　※ハシゴ含む,"3,000",べっど　二だん　※はしごふくむ
へ,ベッド　三段　※ハシゴ含む,"3,000",べっど　さんだん　※はしごふくむ
ま,椅子式マッサージチェア　全身フットマッサージ付,"3,000",いすしきまっさーじちぇあ　ぜんしんふっとまっさーじつき
も,物置　高さ200cm以下、床面積2畳未満、解体済みの状態,"3,000",ものおき　たかさ200cmいか、ゆかめんせき2じょうみまん、かいたいすみのじょうたい
ろ,ロフトベッド（机付）　※ハシゴ含む,"3,000",ろふとべっど（つくえつき）　※はしごふくむ
い,板（石膏ボード）　  　収集不可,不可,ばん（せっこうぼーど）　 　しゅうしゅうふか
お,大型木槌（かけや）　太さが5cm以上のため不可,不可,おおがたきづち（かけや）　ふとさが5cmいじょうのためふか
か,かけや（大型木槌）　太さが5cm以上のため不可,不可,かけや（おおがたきづち）　ふとさが5cmいじょうのためふか
き,杵　太さが5cm以上のため不可,不可,きね　ふとさが5cmいじょうのためふか
せ,石膏ボード（板）　　収集不可,不可,せっこうぼーど（いた）　　しゅうしゅうふか
た,ダンベル　　収集不可,不可,だんべる　　しゅうしゅうふか
ふ,ブロック（建築資材）  　収集不可,不可,ぶろっく（けんちくしざい） 　しゅうしゅうふか
れ,レンジフード　（工作物　収集不可）,不可,れんじふーど　（こうさくぶつ　しゅうしゅうふか）
わ,ワインセラー（ワインクーラー）　　　家電リサイクル品,不可,わいんせらー（わいんくーらー）　　　かでんりさいくるひん
か,簡易焼却炉,無料,かんいしょうきゃくろ
こ,コンポスター（生ごみ堆肥化容器）,無料,こんぽすたー（なまごみたいひかようき）
し,焼却炉,無料,しょうきゃくろ
せ,せん定枝 （太さ10cm未満の枝で、長さ60cmまで、直径30cm程度の束にまとめて、一度に5束まで）,無料,せんていえだ （ふとさ10cmみまんのえだで、ながさ60cmまで、ちょっけい30cmていどのたばにまとめて、いちどに5そくまで）
な,生ごみ堆肥化容器（コンポスター）,無料,なまごみたいひかようき（こんぽすたー）